symbol,tp_atr,sl_atr,conf_floor,trades,win_rate,profit_factor,expectancy_atr,total_return_percent
AAVEUSDT,1.5,1.0,0.36,2088,0.4143,0.7124901551105096,-0.2354,-584.8
AAVEUSDT,1.5,1.0,0.4,1910,0.4262,0.7302399531660377,-0.2159,-496.49
AAVEUSDT,1.5,1.0,0.44,677,0.4195,0.5440722513567099,-0.4438,-383.97
AAVEUSDT,1.5,1.0,0.48,181,0.4144,0.30788569469301946,-1.1907,-281.93
AAVEUSDT,1.5,1.0,0.52,50,0.4,0.22189550284296916,-2.0774,-157.15
AAVEUSDT,1.5,1.0,0.56,13,0.4615,0.24171688459325472,-6.6371,-102.05
AAVEUSDT,2.0,1.0,0.36,758,0.3734,0.6112288141965194,-0.3647,-374.01
AAVEUSDT,2.0,1.0,0.4,202,0.4208,0.4529580444132998,-0.8063,-213.32
AAVEUSDT,2.0,1.0,0.44,48,0.3958,0.28784299858333484,-1.8734,-129.0
AAVEUSDT,2.0,1.0,0.48,16,0.25,0.0723017600643678,-4.0998,-126.03
AAVEUSDT,2.0,1.0,0.52,8,0.25,0.06772985959457886,-4.6749,-73.6
AAVEUSDT,2.0,1.0,0.56,5,0.2,0.05051462548732889,-4.9181,-43.57
AAVEUSDT,2.0,1.5,0.36,1253,0.4389,0.8046591540161662,-0.2217,-302.9
AAVEUSDT,2.0,1.5,0.4,1157,0.4365,0.7828594553843848,-0.2452,-310.9
AAVEUSDT,2.0,1.5,0.44,655,0.4641,0.6856379588803351,-0.3528,-284.67
AAVEUSDT,2.0,1.5,0.48,195,0.4974,0.5394184188896417,-0.6499,-166.9
AAVEUSDT,2.0,1.5,0.52,51,0.5686,0.411411247687299,-1.0705,-79.67
AAVEUSDT,2.0,1.5,0.56,13,0.2308,0.05224310177740172,-5.6904,-130.4
AAVEUSDT,2.5,1.0,0.36,664,0.3539,0.7050524314098032,-0.3032,-261.95
AAVEUSDT,2.5,1.0,0.4,185,0.3784,0.46589956251990433,-0.8876,-216.41
AAVEUSDT,2.5,1.0,0.44,48,0.375,0.24827459451684727,-2.0548,-149.02
AAVEUSDT,2.5,1.0,0.48,16,0.25,0.07387577990182259,-4.1399,-125.82
AAVEUSDT,2.5,1.0,0.52,8,0.25,0.08624288458407668,-4.55,-72.14
AAVEUSDT,2.5,1.0,0.56,5,0.2,0.06445459719671481,-4.8182,-42.93
AAVEUSDT,3.0,1.0,0.36,25,0.36,0.2876300249730073,-1.3792,-62.82
AAVEUSDT,3.0,1.0,0.4,9,0.3333,0.15666261756023594,-3.8769,-61.2
AAVEUSDT,3.0,1.0,0.44,7,0.4286,0.21741925787131045,-2.7899,-36.03
AAVEUSDT,3.0,1.0,0.48,1,1.0,,3.3967,4.64
AAVEUSDT,3.0,1.5,0.36,180,0.4667,0.6667902745802559,-0.5624,-116.11
AAVEUSDT,3.0,1.5,0.4,66,0.3939,0.3632957811191408,-1.6261,-123.02
AAVEUSDT,3.0,1.5,0.44,23,0.4783,0.2948977337229837,-1.8958,-73.0
AAVEUSDT,3.0,1.5,0.48,9,0.3333,0.12414656489627153,-4.6168,-79.58
AAVEUSDT,3.0,1.5,0.52,5,0.4,0.12564605490972489,-4.2007,-36.86
AAVEUSDT,3.0,1.5,0.56,2,0.5,17.151366698536208,1.3033,3.21
AAVEUSDT,4.0,1.5,0.36,22,0.4091,0.3720842011565716,-1.11,-56.19
AAVEUSDT,4.0,1.5,0.4,7,0.4286,0.2728840838503191,-3.0445,-41.86
AAVEUSDT,4.0,1.5,0.44,3,0.6667,23.11893822145027,2.1095,8.89
AAVEUSDT,4.0,1.5,0.48,0,0.0,,0.0,0.0
ACEUSDT,1.5,1.0,0.36,1976,0.3922,0.6755221163385925,-0.2453,-940.88
ACEUSDT,1.5,1.0,0.4,1845,0.406,0.6917048118857397,-0.2252,-835.19
ACEUSDT,1.5,1.0,0.44,694,0.4193,0.6059036204032382,-0.3417,-561.96
ACEUSDT,1.5,1.0,0.48,244,0.4016,0.43863485172463335,-0.8591,-471.81
ACEUSDT,1.5,1.0,0.52,103,0.4466,0.47298589779864725,-1.0539,-233.92
ACEUSDT,1.5,1.0,0.56,45,0.4667,0.3278532724928645,-1.5048,-213.13
ACEUSDT,2.0,1.0,0.36,734,0.4183,0.7727508351226877,-0.1597,-316.1
ACEUSDT,2.0,1.0,0.4,232,0.4052,0.579094225838248,-0.5598,-297.25
ACEUSDT,2.0,1.0,0.44,86,0.407,0.4994719968149796,-1.4311,-223.4
ACEUSDT,2.0,1.0,0.48,40,0.375,0.38286556670059646,-2.1763,-183.03
ACEUSDT,2.0,1.0,0.52,18,0.5,0.628474766572622,-2.8853,-47.79
ACEUSDT,2.0,1.0,0.56,13,0.6154,0.7268650297447612,-5.1708,-26.51
ACEUSDT,2.0,1.5,0.36,1135,0.4581,0.8892465717772641,-0.1175,-224.08
ACEUSDT,2.0,1.5,0.4,1030,0.4748,0.920483159943368,-0.0702,-145.64
ACEUSDT,2.0,1.5,0.44,569,0.5132,0.8911513712985526,-0.0881,-125.17
ACEUSDT,2.0,1.5,0.48,186,0.457,0.5790840650531354,-0.6212,-273.01
ACEUSDT,2.0,1.5,0.52,69,0.4638,0.7470160893889589,-1.3772,-78.63
ACEUSDT,2.0,1.5,0.56,30,0.4333,0.5141554731977652,-2.0665,-91.01
ACEUSDT,2.5,1.0,0.36,637,0.3689,0.7560242355216069,-0.1891,-329.64
ACEUSDT,2.5,1.0,0.4,215,0.386,0.6150492892639926,-0.565,-263.15
ACEUSDT,2.5,1.0,0.44,81,0.3827,0.5479020873466326,-1.5042,-200.32
ACEUSDT,2.5,1.0,0.48,34,0.2941,0.33774185216549535,-2.6578,-197.67
ACEUSDT,2.5,1.0,0.52,17,0.4118,0.4405992027970335,-3.1984,-78.03
ACEUSDT,2.5,1.0,0.56,11,0.5455,0.5131473440831306,-6.1418,-47.13
ACEUSDT,3.0,1.0,0.36,37,0.4324,0.460150378745367,-1.5391,-86.25
ACEUSDT,3.0,1.0,0.4,20,0.2,0.1296974770482654,-3.0552,-137.71
ACEUSDT,3.0,1.0,0.44,11,0.2727,0.1439924014878992,-7.0131,-95.35
ACEUSDT,3.0,1.0,0.48,4,0.5,3.908751405715527,1.0889,9.89
ACEUSDT,3.0,1.0,0.52,4,0.5,6.958969492132374,1.3383,11.36
ACEUSDT,3.0,1.0,0.56,2,0.5,2.8794334622058337,1.3282,2.48
ACEUSDT,3.0,1.5,0.36,162,0.4815,0.7976535869263015,-0.7741,-105.79
ACEUSDT,3.0,1.5,0.4,68,0.5441,0.8419011303995733,-0.2431,-35.85
ACEUSDT,3.0,1.5,0.44,26,0.4231,0.3398380525502033,-2.0273,-144.85
ACEUSDT,3.0,1.5,0.48,15,0.3333,0.2601625490843833,-5.7804,-136.89
ACEUSDT,3.0,1.5,0.52,9,0.1111,0.045012119965571584,-15.3515,-207.68
ACEUSDT,3.0,1.5,0.56,3,0.3333,0.25932783223646505,-2.5708,-10.66
ACEUSDT,4.0,1.5,0.36,28,0.4286,0.3575731914298353,-2.9761,-146.38
ACEUSDT,4.0,1.5,0.4,14,0.3571,0.3031605739356215,-2.5588,-93.1
ACEUSDT,4.0,1.5,0.44,7,0.1429,0.08950452352140048,-13.657,-133.62
ACEUSDT,4.0,1.5,0.48,2,0.5,3.925633842231307,2.316,4.7
ACEUSDT,4.0,1.5,0.52,2,0.5,4.7809141431975375,2.3273,4.99
ACEUSDT,4.0,1.5,0.56,1,1.0,,2.2311,2.99
ADAUSDT,1.5,1.0,0.36,2081,0.4161,0.7126537605090282,-0.2431,-540.0
ADAUSDT,1.5,1.0,0.4,1941,0.4152,0.6946240843188763,-0.254,-535.51
ADAUSDT,1.5,1.0,0.44,671,0.4367,0.5631106421743016,-0.3969,-332.57
ADAUSDT,1.5,1.0,0.48,182,0.3681,0.2846831087140843,-0.9887,-236.37
ADAUSDT,1.5,1.0,0.52,53,0.4528,0.29147533456338065,-1.4757,-85.56
ADAUSDT,1.5,1.0,0.56,19,0.3684,0.09816563657100648,-3.4977,-74.98
ADAUSDT,2.0,1.0,0.36,840,0.3988,0.6781356115194291,-0.2796,-287.0
ADAUSDT,2.0,1.0,0.4,243,0.4239,0.42838082627371743,-0.6875,-235.66
ADAUSDT,2.0,1.0,0.44,58,0.3448,0.21647063610635894,-1.8186,-131.84
ADAUSDT,2.0,1.0,0.48,19,0.4737,0.3733391148922111,-2.136,-32.11
ADAUSDT,2.0,1.0,0.52,4,0.25,0.046583207497485825,-15.3793,-68.72
ADAUSDT,2.0,1.0,0.56,2,0.5,3.5217184331049816,0.6431,2.95
ADAUSDT,2.0,1.5,0.36,1231,0.4549,0.8204988008539958,-0.1927,-250.46
ADAUSDT,2.0,1.5,0.4,1148,0.4538,0.8095365343378714,-0.1963,-250.35
ADAUSDT,2.0,1.5,0.44,709,0.4824,0.7528651941369455,-0.2092,-206.41
ADAUSDT,2.0,1.5,0.48,228,0.5395,0.5835263445235327,-0.4683,-150.44
ADAUSDT,2.0,1.5,0.52,56,0.5893,0.6581338131173432,-0.6152,-36.28
ADAUSDT,2.0,1.5,0.56,13,0.5385,0.3482872450901134,-1.6508,-21.99
ADAUSDT,2.5,1.0,0.36,729,0.3663,0.7303032169831241,-0.2457,-227.84
ADAUSDT,2.5,1.0,0.4,230,0.3783,0.4200239483222849,-0.766,-261.64
ADAUSDT,2.5,1.0,0.44,56,0.3393,0.20758926094017574,-2.2933,-161.88
ADAUSDT,2.5,1.0,0.48,18,0.5,0.40682210517631046,-2.149,-30.3
ADAUSDT,2.5,1.0,0.52,4,0.0,0.0,-23.2737,-115.49
ADAUSDT,2.5,1.0,0.56,2,0.5,4.455583661991543,0.8928,4.04
ADAUSDT,3.0,1.0,0.36,21,0.4762,0.559155949368551,-1.226,-20.79
ADAUSDT,3.0,1.0,0.4,6,0.6667,0.8964235704410928,-1.0752,-1.43
ADAUSDT,3.0,1.0,0.44,3,0.6667,6.455764385972476,1.6462,7.07
ADAUSDT,3.0,1.0,0.48,1,0.0,0.0,-0.4155,-0.8
ADAUSDT,3.0,1.5,0.36,211,0.4597,0.6955445152263184,-0.4113,-112.07
ADAUSDT,3.0,1.5,0.4,74,0.473,0.5400143911817049,-0.9445,-75.7
ADAUSDT,3.0,1.5,0.44,14,0.7143,2.578973600054673,1.2651,17.95
ADAUSDT,3.0,1.5,0.48,6,0.6667,1.3912910354173649,0.4484,3.22
ADAUSDT,3.0,1.5,0.52,3,0.6667,15.32068849002335,1.7856,7.86
ADAUSDT,3.0,1.5,0.56,0,0.0,,0.0,0.0
ADAUSDT,4.0,1.5,0.36,16,0.5625,0.8614849164168058,-0.7959,-5.18
ADAUSDT,4.0,1.5,0.4,5,0.6,1.4267786362498704,0.3623,4.18
ADAUSDT,4.0,1.5,0.44,3,0.6667,8.750775457922092,2.3122,10.04
ADAUSDT,4.0,1.5,0.48,1,0.0,0.0,-0.4155,-0.8
ARBUSDT,1.5,1.0,0.36,2190,0.426,0.7650373099638408,-0.189,-535.06
ARBUSDT,1.5,1.0,0.4,2049,0.43,0.7641504898319679,-0.194,-500.85
ARBUSDT,1.5,1.0,0.44,737,0.4396,0.6857374605046204,-0.2725,-272.53
ARBUSDT,1.5,1.0,0.48,216,0.412,0.39537710877234217,-0.807,-268.67
ARBUSDT,1.5,1.0,0.52,83,0.4337,0.32690028249523156,-1.4498,-165.88
ARBUSDT,1.5,1.0,0.56,29,0.5172,0.5723954853113415,-0.7945,-29.65
ARBUSDT,2.0,1.0,0.36,793,0.4149,0.7264554565174575,-0.2439,-273.95
ARBUSDT,2.0,1.0,0.4,207,0.4541,0.6334395178796682,-0.4914,-144.83
ARBUSDT,2.0,1.0,0.44,89,0.4382,0.36365824006721315,-1.3309,-171.53
ARBUSDT,2.0,1.0,0.48,25,0.44,0.3722162586986407,-1.2592,-53.71
ARBUSDT,2.0,1.0,0.52,9,0.3333,0.16747171592463794,-2.366,-57.44
ARBUSDT,2.0,1.0,0.56,3,0.3333,1.4105475191982142,0.079,0.87
ARBUSDT,2.0,1.5,0.36,1291,0.4423,0.792268329370074,-0.2235,-376.05
ARBUSDT,2.0,1.5,0.4,1156,0.4325,0.7729639196134542,-0.2404,-367.44
ARBUSDT,2.0,1.5,0.44,690,0.4812,0.7120759838341311,-0.338,-301.32
ARBUSDT,2.0,1.5,0.48,207,0.4976,0.5510924863932778,-0.7482,-216.26
ARBUSDT,2.0,1.5,0.52,62,0.5323,0.4449790206650208,-1.5165,-116.63
ARBUSDT,2.0,1.5,0.56,9,0.6667,0.5094973687592264,-0.645,-17.18
ARBUSDT,2.5,1.0,0.36,705,0.3872,0.8345478157429441,-0.1866,-158.09
ARBUSDT,2.5,1.0,0.4,191,0.4188,0.6588188886717409,-0.4935,-135.01
ARBUSDT,2.5,1.0,0.44,83,0.4217,0.47298516012278236,-1.2121,-137.49
ARBUSDT,2.5,1.0,0.48,24,0.4167,0.44413652332026443,-1.1788,-47.48
ARBUSDT,2.5,1.0,0.52,9,0.3333,0.21612936389979295,-2.1995,-54.08
ARBUSDT,2.5,1.0,0.56,3,0.3333,1.823790807822132,0.2455,1.74
ARBUSDT,3.0,1.0,0.36,26,0.5,0.5759606094872601,-1.3502,-42.91
ARBUSDT,3.0,1.0,0.4,10,0.4,0.3054393260043637,-1.4232,-31.63
ARBUSDT,3.0,1.0,0.44,6,0.3333,1.1907134754272226,0.0417,1.09
ARBUSDT,3.0,1.0,0.48,4,0.25,0.629873514810913,-0.2191,-1.99
ARBUSDT,3.0,1.0,0.52,0,0.0,,0.0,0.0
ARBUSDT,3.0,1.5,0.36,182,0.5275,0.8858053409924708,-0.2422,-41.76
ARBUSDT,3.0,1.5,0.4,70,0.5286,0.5786087708351386,-1.1983,-100.77
ARBUSDT,3.0,1.5,0.44,24,0.75,0.7324981086926239,-1.1127,-27.03
ARBUSDT,3.0,1.5,0.48,10,0.3,0.054477836333548815,-10.7389,-190.71
ARBUSDT,3.0,1.5,0.52,3,0.3333,0.03193179644773711,-16.5427,-75.08
ARBUSDT,3.0,1.5,0.56,2,0.5,0.7870716455597212,-0.0209,-0.54
ARBUSDT,4.0,1.5,0.36,20,0.7,0.6869815334327701,-1.4147,-33.13
ARBUSDT,4.0,1.5,0.4,7,0.4286,0.28440419892697083,-2.0562,-38.72
ARBUSDT,4.0,1.5,0.44,3,0.6667,0.5736658500630069,-1.7346,-6.61
ARBUSDT,4.0,1.5,0.48,1,1.0,,3.8243,5.57
AVAXUSDT,1.5,1.0,0.36,2076,0.4056,0.6808660985784806,-0.2777,-590.38
AVAXUSDT,1.5,1.0,0.4,1945,0.4067,0.6598846282931641,-0.294,-593.98
AVAXUSDT,1.5,1.0,0.44,653,0.4548,0.583271631959562,-0.4157,-289.32
AVAXUSDT,1.5,1.0,0.48,202,0.4455,0.47554781229997606,-0.7974,-149.55
AVAXUSDT,1.5,1.0,0.52,61,0.3279,0.20840568245798938,-1.8428,-117.06
AVAXUSDT,1.5,1.0,0.56,22,0.5,1.0884221451382445,-0.4873,2.06
AVAXUSDT,2.0,1.0,0.36,821,0.3922,0.6657953486420632,-0.3556,-290.67
AVAXUSDT,2.0,1.0,0.4,203,0.4433,0.49082510457180945,-0.7402,-166.14
AVAXUSDT,2.0,1.0,0.44,73,0.4384,0.4306566997452221,-1.238,-83.48
AVAXUSDT,2.0,1.0,0.48,24,0.4583,0.4663141721859828,-1.8935,-30.89
AVAXUSDT,2.0,1.0,0.52,9,0.6667,3.311878858139345,0.4096,11.95
AVAXUSDT,2.0,1.0,0.56,1,0.0,0.0,-0.3813,-0.66
AVAXUSDT,2.0,1.5,0.36,1310,0.4221,0.7188978522670915,-0.3109,-428.99
AVAXUSDT,2.0,1.5,0.4,1234,0.423,0.6948621650752214,-0.3373,-434.33
AVAXUSDT,2.0,1.5,0.44,727,0.4539,0.6743491739325582,-0.3765,-282.84
AVAXUSDT,2.0,1.5,0.48,222,0.464,0.476373273009172,-0.8089,-190.82
AVAXUSDT,2.0,1.5,0.52,64,0.5156,0.37841479737597367,-1.491,-83.91
AVAXUSDT,2.0,1.5,0.56,19,0.5789,0.3670212759170623,-2.707,-41.45
AVAXUSDT,2.5,1.0,0.36,715,0.3371,0.6638854127061359,-0.4098,-287.92
AVAXUSDT,2.5,1.0,0.4,197,0.4315,0.5829682085771204,-0.651,-137.12
AVAXUSDT,2.5,1.0,0.44,72,0.4028,0.49346114792100104,-1.3478,-79.74
AVAXUSDT,2.5,1.0,0.48,26,0.4231,0.49326066823019715,-1.8474,-35.4
AVAXUSDT,2.5,1.0,0.52,9,0.6667,4.199574343530756,0.7426,16.54
AVAXUSDT,2.5,1.0,0.56,1,0.0,0.0,-0.3813,-0.66
AVAXUSDT,3.0,1.0,0.36,27,0.4815,0.5443498278365912,-1.9049,-38.54
AVAXUSDT,3.0,1.0,0.4,10,0.5,0.5891265704968188,-1.3723,-12.87
AVAXUSDT,3.0,1.0,0.44,5,0.4,0.7073342072754322,-0.6629,-1.5
AVAXUSDT,3.0,1.0,0.48,1,0.0,0.0,-0.3813,-0.66
AVAXUSDT,3.0,1.5,0.36,211,0.4218,0.6073752435401842,-0.6005,-141.94
AVAXUSDT,3.0,1.5,0.4,80,0.475,0.6379365953671131,-0.9216,-57.99
AVAXUSDT,3.0,1.5,0.44,31,0.4516,0.3968993897160487,-1.6085,-51.03
AVAXUSDT,3.0,1.5,0.48,12,0.5833,0.7971804946333971,-0.2784,-5.3
AVAXUSDT,3.0,1.5,0.52,4,0.5,1.0144194652392398,-0.5252,0.06
AVAXUSDT,3.0,1.5,0.56,0,0.0,,0.0,0.0
AVAXUSDT,4.0,1.5,0.36,27,0.4815,0.5304239501421208,-1.8891,-42.9
AVAXUSDT,4.0,1.5,0.4,7,0.4286,0.4457694858148187,-1.9001,-12.62
AVAXUSDT,4.0,1.5,0.44,4,0.5,1.7864539201548937,0.0435,3.05
AVAXUSDT,4.0,1.5,0.48,0,0.0,,0.0,0.0
BCHUSDT,1.5,1.0,0.36,2014,0.4071,0.6424292564467562,-0.3238,-574.05
BCHUSDT,1.5,1.0,0.4,1874,0.4104,0.6291376233212136,-0.3388,-556.18
BCHUSDT,1.5,1.0,0.44,674,0.4303,0.5549117822395794,-0.4707,-266.53
BCHUSDT,1.5,1.0,0.48,254,0.4252,0.3656385543988636,-0.7494,-189.62
BCHUSDT,1.5,1.0,0.52,104,0.3846,0.13380198190494005,-2.5077,-211.5
BCHUSDT,1.5,1.0,0.56,36,0.3333,0.14556002349287164,-1.5065,-57.27
BCHUSDT,2.0,1.0,0.36,829,0.3908,0.6527860510370713,-0.3584,-266.33
BCHUSDT,2.0,1.0,0.4,278,0.3525,0.37907640828996747,-0.8363,-230.02
BCHUSDT,2.0,1.0,0.44,113,0.3894,0.21867597614562628,-2.0371,-199.95
BCHUSDT,2.0,1.0,0.48,46,0.413,0.25242903778326425,-1.4923,-57.46
BCHUSDT,2.0,1.0,0.52,14,0.4286,0.1483082736274014,-3.1914,-38.99
BCHUSDT,2.0,1.0,0.56,4,0.25,0.5260205667395292,-0.0738,-0.56
BCHUSDT,2.0,1.5,0.36,1230,0.4114,0.6620762372637697,-0.4034,-439.74
BCHUSDT,2.0,1.5,0.4,1150,0.4061,0.6141732298286657,-0.4587,-486.09
BCHUSDT,2.0,1.5,0.44,705,0.4468,0.691238402842595,-0.3657,-225.45
BCHUSDT,2.0,1.5,0.48,257,0.4553,0.5283827179376942,-0.7112,-156.91
BCHUSDT,2.0,1.5,0.52,105,0.4571,0.32221321953157966,-1.1979,-131.99
BCHUSDT,2.0,1.5,0.56,40,0.55,0.3677686596928473,-1.3019,-44.96
BCHUSDT,2.5,1.0,0.36,732,0.3511,0.6911437179507991,-0.3484,-226.96
BCHUSDT,2.5,1.0,0.4,259,0.3282,0.43257358914150984,-0.929,-216.46
BCHUSDT,2.5,1.0,0.44,106,0.3868,0.27011711410988104,-2.0736,-185.74
BCHUSDT,2.5,1.0,0.48,43,0.3488,0.2641005187448179,-1.6571,-57.54
BCHUSDT,2.5,1.0,0.52,14,0.3571,0.16766207951522405,-3.2328,-38.95
BCHUSDT,2.5,1.0,0.56,4,0.25,0.714877485789722,0.0511,-0.34
BCHUSDT,3.0,1.0,0.36,51,0.3137,0.24169203685418736,-2.9253,-113.13
BCHUSDT,3.0,1.0,0.4,18,0.3333,0.2190625189818757,-4.122,-49.36
BCHUSDT,3.0,1.0,0.44,4,0.25,0.13352131551856752,-4.7202,-16.57
BCHUSDT,3.0,1.0,0.48,2,0.0,0.0,-0.5997,-1.09
BCHUSDT,3.0,1.0,0.52,0,0.0,,0.0,0.0
BCHUSDT,3.0,1.5,0.36,268,0.4142,0.632295370980153,-0.642,-144.15
BCHUSDT,3.0,1.5,0.4,111,0.4234,0.3545213310130414,-2.0744,-171.11
BCHUSDT,3.0,1.5,0.44,51,0.4118,0.32336060900053226,-2.4162,-89.36
BCHUSDT,3.0,1.5,0.48,18,0.3889,0.2169927586397071,-4.6871,-57.35
BCHUSDT,3.0,1.5,0.52,4,0.5,0.22994281377925507,-4.1381,-14.46
BCHUSDT,3.0,1.5,0.56,1,0.0,0.0,-1.0383,-0.73
BCHUSDT,4.0,1.5,0.36,43,0.3721,0.23472614598971922,-4.2761,-137.58
BCHUSDT,4.0,1.5,0.4,10,0.4,0.1369226135598085,-6.5173,-48.44
BCHUSDT,4.0,1.5,0.44,4,0.0,0.0,-8.1145,-26.54
BCHUSDT,4.0,1.5,0.48,1,0.0,0.0,-0.522,-0.37
BCHUSDT,4.0,1.5,0.52,0,0.0,,0.0,0.0
BNBUSDT,1.5,1.0,0.36,2113,0.408,0.5170896908576658,-0.4703,-635.45
BNBUSDT,1.5,1.0,0.4,1974,0.4129,0.5306890284286714,-0.4651,-568.93
BNBUSDT,1.5,1.0,0.44,1017,0.4297,0.4859047674427408,-0.5503,-319.71
BNBUSDT,1.5,1.0,0.48,516,0.4477,0.3660720266469886,-0.7522,-231.62
BNBUSDT,1.5,1.0,0.52,239,0.4644,0.3492724385697778,-0.8784,-114.39
BNBUSDT,1.5,1.0,0.56,112,0.4464,0.2670308498086671,-1.215,-73.31
BNBUSDT,2.0,1.0,0.36,1071,0.38,0.5361723408785863,-0.4995,-342.15
BNBUSDT,2.0,1.0,0.4,499,0.4088,0.5076415257850521,-0.5816,-176.32
BNBUSDT,2.0,1.0,0.44,261,0.433,0.4424924476414316,-0.7557,-107.61
BNBUSDT,2.0,1.0,0.48,116,0.4828,0.49286601523524665,-0.8189,-47.69
BNBUSDT,2.0,1.0,0.52,53,0.5849,0.9681435876841517,-0.4693,-0.84
BNBUSDT,2.0,1.0,0.56,21,0.5714,0.25247703986749864,-4.7257,-29.59
BNBUSDT,2.0,1.5,0.36,1259,0.4464,0.6662194804155275,-0.4177,-319.13
BNBUSDT,2.0,1.5,0.4,1203,0.4489,0.6329243146260507,-0.4301,-334.61
BNBUSDT,2.0,1.5,0.44,901,0.455,0.5912220653263617,-0.4826,-279.51
BNBUSDT,2.0,1.5,0.48,458,0.4913,0.5990731951936489,-0.5228,-140.61
BNBUSDT,2.0,1.5,0.52,225,0.5067,0.4492111755697372,-0.8476,-106.35
BNBUSDT,2.0,1.5,0.56,106,0.5377,0.5189798135177934,-0.6149,-40.07
BNBUSDT,2.5,1.0,0.36,948,0.3502,0.5874742248892544,-0.4517,-292.41
BNBUSDT,2.5,1.0,0.4,456,0.3794,0.5434942629299434,-0.5821,-162.27
BNBUSDT,2.5,1.0,0.44,233,0.4206,0.4776803977645299,-0.8008,-104.88
BNBUSDT,2.5,1.0,0.48,103,0.4563,0.5382382341707643,-0.7864,-42.24
BNBUSDT,2.5,1.0,0.52,46,0.5652,0.9240972142876233,-0.528,-2.33
BNBUSDT,2.5,1.0,0.56,18,0.5,0.23229780904968614,-5.8929,-33.99
BNBUSDT,3.0,1.0,0.36,103,0.4272,0.572338945853831,-0.915,-38.7
BNBUSDT,3.0,1.0,0.4,44,0.5682,1.0473367748391689,0.0369,1.21
BNBUSDT,3.0,1.0,0.44,20,0.5,1.0241487546788688,-0.5729,0.38
BNBUSDT,3.0,1.0,0.48,11,0.6364,0.3255544478760812,-4.8438,-24.49
BNBUSDT,3.0,1.0,0.52,3,0.3333,0.536172215409072,-0.5757,-0.53
BNBUSDT,3.0,1.0,0.56,1,0.0,0.0,-1.4517,-0.42
BNBUSDT,3.0,1.5,0.36,345,0.4812,0.8521956747393074,-0.1784,-39.72
BNBUSDT,3.0,1.5,0.4,187,0.508,0.7327479503789436,-0.3273,-42.98
BNBUSDT,3.0,1.5,0.44,93,0.4624,0.537297709986703,-1.0931,-45.99
BNBUSDT,3.0,1.5,0.48,41,0.6341,1.117089668962928,0.0342,3.31
BNBUSDT,3.0,1.5,0.52,18,0.6111,0.7356460929828994,-1.1163,-6.01
BNBUSDT,3.0,1.5,0.56,11,0.5455,0.1523994987129932,-7.0131,-39.74
BNBUSDT,4.0,1.5,0.36,81,0.4321,0.5757282799202466,-1.2895,-43.85
BNBUSDT,4.0,1.5,0.4,34,0.6176,1.3534653614040162,0.3628,8.97
BNBUSDT,4.0,1.5,0.44,15,0.7333,2.050257274560802,0.6219,11.79
BNBUSDT,4.0,1.5,0.48,10,0.7,0.4275263254000084,-3.818,-17.87
BNBUSDT,4.0,1.5,0.52,4,0.5,0.8455431961024824,-0.2117,-0.2
BNBUSDT,4.0,1.5,0.56,1,0.0,0.0,-1.4517,-0.42
BTCUSDT,1.5,1.0,0.36,2038,0.3921,0.4534596054781014,-0.5696,-632.22
BTCUSDT,1.5,1.0,0.4,1924,0.3955,0.4489455567551751,-0.58,-605.94
BTCUSDT,1.5,1.0,0.44,1116,0.4167,0.4267313502538487,-0.6514,-371.93
BTCUSDT,1.5,1.0,0.48,594,0.4007,0.37776314475671785,-0.8073,-228.11
BTCUSDT,1.5,1.0,0.52,304,0.4079,0.30924353261784226,-1.0213,-140.44
BTCUSDT,1.5,1.0,0.56,140,0.3857,0.26432692100712546,-1.0635,-70.83
BTCUSDT,2.0,1.0,0.36,1153,0.3651,0.5098544235362595,-0.5766,-354.11
BTCUSDT,2.0,1.0,0.4,593,0.3828,0.5141268894342279,-0.6931,-180.15
BTCUSDT,2.0,1.0,0.44,331,0.432,0.5131118854810489,-0.6802,-101.77
BTCUSDT,2.0,1.0,0.48,153,0.4183,0.3611319745684223,-1.174,-79.38
BTCUSDT,2.0,1.0,0.52,63,0.381,0.2533965032153353,-2.105,-46.65
BTCUSDT,2.0,1.0,0.56,21,0.2857,0.1515055072241244,-3.6165,-24.62
BTCUSDT,2.0,1.5,0.36,1246,0.4213,0.5380477567079807,-0.5834,-401.69
BTCUSDT,2.0,1.5,0.4,1180,0.422,0.5420233198668625,-0.5798,-372.23
BTCUSDT,2.0,1.5,0.44,912,0.4463,0.5670316060285251,-0.5763,-269.51
BTCUSDT,2.0,1.5,0.48,510,0.4765,0.5457813329936094,-0.6636,-161.57
BTCUSDT,2.0,1.5,0.52,302,0.4735,0.47930422033661285,-0.8084,-116.32
BTCUSDT,2.0,1.5,0.56,145,0.4759,0.38623714757253363,-1.2958,-73.42
BTCUSDT,2.5,1.0,0.36,958,0.3372,0.5683799045915883,-0.5354,-276.02
BTCUSDT,2.5,1.0,0.4,517,0.3424,0.5376977664109214,-0.6958,-164.09
BTCUSDT,2.5,1.0,0.44,293,0.3823,0.5185776612270213,-0.768,-107.87
BTCUSDT,2.5,1.0,0.48,138,0.3478,0.34419218626856163,-1.362,-83.46
BTCUSDT,2.5,1.0,0.52,60,0.3667,0.253893408288103,-2.949,-56.59
BTCUSDT,2.5,1.0,0.56,22,0.2727,0.2051234602371656,-3.3266,-23.15
BTCUSDT,3.0,1.0,0.36,141,0.4184,0.5288931379193876,-0.9896,-54.72
BTCUSDT,3.0,1.0,0.4,63,0.381,0.32466627807264353,-2.8242,-52.54
BTCUSDT,3.0,1.0,0.44,28,0.25,0.08755015508575323,-5.8745,-52.24
BTCUSDT,3.0,1.0,0.48,13,0.2308,0.08449387637892293,-10.7237,-34.62
BTCUSDT,3.0,1.0,0.52,1,0.0,0.0,-9.6442,-4.08
BTCUSDT,3.0,1.0,0.56,0,0.0,,0.0,0.0
BTCUSDT,3.0,1.5,0.36,402,0.398,0.5970524350720139,-0.6684,-139.38
BTCUSDT,3.0,1.5,0.4,230,0.4957,0.7317227867627684,-0.5298,-49.76
BTCUSDT,3.0,1.5,0.44,129,0.4496,0.4890615540564395,-1.2234,-61.76
BTCUSDT,3.0,1.5,0.48,62,0.4355,0.3924088273487473,-2.324,-43.62
BTCUSDT,3.0,1.5,0.52,33,0.3333,0.2294996598231748,-3.9385,-37.96
BTCUSDT,3.0,1.5,0.56,13,0.2308,0.09496616335253977,-11.2812,-36.59
BTCUSDT,4.0,1.5,0.36,103,0.3981,0.39140849819079543,-1.6909,-88.81
BTCUSDT,4.0,1.5,0.4,49,0.3878,0.46073285355820076,-2.3385,-29.62
BTCUSDT,4.0,1.5,0.44,25,0.28,0.12568920307451564,-7.1763,-54.04
BTCUSDT,4.0,1.5,0.48,12,0.25,0.09835021737643311,-11.4047,-34.69
BTCUSDT,4.0,1.5,0.52,1,1.0,,0.1076,0.05
BTCUSDT,4.0,1.5,0.56,0,0.0,,0.0,0.0
CAKEUSDT,1.5,1.0,0.36,2149,0.4174,0.677953413575729,-0.2999,-569.84
CAKEUSDT,1.5,1.0,0.4,2025,0.4188,0.6627504702916724,-0.3018,-563.93
CAKEUSDT,1.5,1.0,0.44,766,0.4373,0.5576325379043924,-0.4729,-329.29
CAKEUSDT,1.5,1.0,0.48,258,0.5,0.453847883155311,-0.7389,-194.39
CAKEUSDT,1.5,1.0,0.52,96,0.4583,0.2095326142597482,-1.3535,-158.72
CAKEUSDT,1.5,1.0,0.56,32,0.3125,0.171190984877316,-2.6809,-120.18
CAKEUSDT,2.0,1.0,0.36,906,0.3885,0.6623402622496692,-0.36,-299.05
CAKEUSDT,2.0,1.0,0.4,295,0.4271,0.46721838278971756,-0.7701,-229.34
CAKEUSDT,2.0,1.0,0.44,101,0.4554,0.37547311930877225,-1.3348,-124.94
CAKEUSDT,2.0,1.0,0.48,34,0.4118,0.32211777880953557,-1.4766,-51.3
CAKEUSDT,2.0,1.0,0.52,8,0.125,0.17718227946089254,-2.1768,-18.19
CAKEUSDT,2.0,1.0,0.56,1,0.0,0.0,-20.3506,-24.14
CAKEUSDT,2.0,1.5,0.36,1289,0.4593,0.8214103983535556,-0.2155,-239.72
CAKEUSDT,2.0,1.5,0.4,1217,0.4741,0.8478910350821608,-0.1946,-189.06
CAKEUSDT,2.0,1.5,0.44,777,0.4646,0.7527345052363497,-0.3539,-211.37
CAKEUSDT,2.0,1.5,0.48,289,0.4983,0.6093394678319256,-0.7228,-161.0
CAKEUSDT,2.0,1.5,0.52,94,0.5638,0.6027089356088785,-1.0332,-62.45
CAKEUSDT,2.0,1.5,0.56,31,0.5161,0.44313977775125174,-1.4224,-35.1
CAKEUSDT,2.5,1.0,0.36,786,0.3651,0.7137734540844903,-0.3264,-238.02
CAKEUSDT,2.5,1.0,0.4,273,0.3993,0.5202163229504836,-0.7412,-203.81
CAKEUSDT,2.5,1.0,0.44,94,0.3936,0.4036267690472126,-1.3724,-116.99
CAKEUSDT,2.5,1.0,0.48,33,0.3636,0.390404671792068,-1.5668,-47.48
CAKEUSDT,2.5,1.0,0.52,8,0.125,0.2243048405319274,-2.1143,-17.15
CAKEUSDT,2.5,1.0,0.56,1,0.0,0.0,-20.3506,-24.14
CAKEUSDT,3.0,1.0,0.36,37,0.4054,0.6320982753912482,-0.7333,-20.45
CAKEUSDT,3.0,1.0,0.4,8,0.25,0.05561776483507177,-2.2414,-33.68
CAKEUSDT,3.0,1.0,0.44,2,0.0,0.0,-6.0502,-14.53
CAKEUSDT,3.0,1.0,0.48,1,0.0,0.0,-1.5004,-1.77
CAKEUSDT,3.0,1.5,0.36,247,0.4534,0.6693709148909212,-0.6323,-128.92
CAKEUSDT,3.0,1.5,0.4,92,0.4891,0.49550261129287076,-0.8526,-95.76
CAKEUSDT,3.0,1.5,0.44,32,0.5312,0.8721615447825674,-0.6114,-6.17
CAKEUSDT,3.0,1.5,0.48,11,0.5455,0.5168698041223586,-0.6551,-8.98
CAKEUSDT,3.0,1.5,0.52,4,0.25,0.06499809281244397,-4.2128,-19.69
CAKEUSDT,3.0,1.5,0.56,1,0.0,0.0,-0.737,-0.87
CAKEUSDT,4.0,1.5,0.36,26,0.3846,0.2724251552404323,-1.9022,-54.64
CAKEUSDT,4.0,1.5,0.4,10,0.5,0.22352788978198254,-0.8745,-20.89
CAKEUSDT,4.0,1.5,0.44,2,0.0,0.0,-6.0502,-14.53
CAKEUSDT,4.0,1.5,0.48,0,0.0,,0.0,0.0
DASHUSDT,1.5,1.0,0.36,2101,0.4431,0.8514803506562946,-0.1555,-369.43
DASHUSDT,1.5,1.0,0.4,1933,0.4459,0.8431507855058613,-0.1701,-365.01
DASHUSDT,1.5,1.0,0.44,748,0.4559,0.728290775376907,-0.2378,-323.9
DASHUSDT,1.5,1.0,0.48,261,0.4598,0.6346759186536081,-0.4618,-227.25
DASHUSDT,1.5,1.0,0.52,87,0.4483,0.6088800290531841,-0.4441,-108.72
DASHUSDT,1.5,1.0,0.56,115,,,,
DASHUSDT,2.0,1.0,0.36,794,0.4144,0.8076378438032137,-0.1998,-236.81
DASHUSDT,2.0,1.0,0.4,238,0.4496,0.6927478436298672,-0.2812,-162.94
DASHUSDT,2.0,1.0,0.44,84,0.4048,0.5183500216277994,-1.0006,-169.88
DASHUSDT,2.0,1.0,0.48,21,0.5238,0.5317876165491312,-0.5519,-58.94
DASHUSDT,2.0,1.0,0.52,36,,,,
DASHUSDT,2.0,1.0,0.56,4,0.75,9.993364456967488,1.2277,39.14
DASHUSDT,2.0,1.5,0.36,1227,0.4727,0.9818716009319025,-0.0814,-33.53
DASHUSDT,2.0,1.5,0.4,1131,0.4757,0.9492846573054244,-0.0981,-85.28
DASHUSDT,2.0,1.5,0.44,624,0.4808,0.7455500195808995,-0.2482,-308.51
DASHUSDT,2.0,1.5,0.48,225,0.4756,0.7224296318666452,-0.3523,-152.32
DASHUSDT,2.0,1.5,0.52,78,0.4872,0.5461141760271013,-0.6204,-143.47
DASHUSDT,2.0,1.5,0.56,17,0.5294,0.9496356032285919,-0.3085,-3.83
DASHUSDT,2.5,1.0,0.36,689,0.389,0.9198466730676543,-0.1218,-89.62
DASHUSDT,2.5,1.0,0.4,220,0.4136,0.7086824558166782,-0.2672,-162.01
DASHUSDT,2.5,1.0,0.44,77,0.3766,0.5084223932268028,-1.0963,-192.46
DASHUSDT,2.5,1.0,0.48,17,0.5294,0.708642029406382,-0.2738,-32.59
DASHUSDT,2.5,1.0,0.52,36,,,,
DASHUSDT,2.5,1.0,0.56,2,0.5,3.697621154004704,0.7657,17.91
DASHUSDT,3.0,1.0,0.36,69,,,,
DASHUSDT,3.0,1.0,0.4,5,0.2,0.46335773035402783,-1.5439,-17.49
DASHUSDT,3.0,1.0,0.44,0,0.0,,0.0,0.0
DASHUSDT,3.0,1.5,0.36,981,,,,
DASHUSDT,3.0,1.5,0.4,69,0.5217,0.8756673081494378,0.0785,-20.9
DASHUSDT,3.0,1.5,0.44,18,0.4444,0.42320369995425844,-4.5706,-79.12
DASHUSDT,3.0,1.5,0.48,3,0.0,0.0,-6.4586,-67.3
DASHUSDT,3.0,1.5,0.52,0,0.0,,0.0,0.0
DASHUSDT,4.0,1.5,0.36,15,0.4667,0.5819723227453184,-0.7497,-23.3
DASHUSDT,4.0,1.5,0.4,3,0.3333,0.6784515660538583,-1.8731,-8.03
DASHUSDT,4.0,1.5,0.44,0,0.0,,0.0,0.0
DOGEUSDT,1.5,1.0,0.36,2060,0.3971,0.6299076040149335,-0.3112,-696.95
DOGEUSDT,1.5,1.0,0.4,1926,0.405,0.6518890462008152,-0.3115,-605.57
DOGEUSDT,1.5,1.0,0.44,739,0.4344,0.6207041651201924,-0.339,-265.14
DOGEUSDT,1.5,1.0,0.48,257,0.4241,0.41593133307153807,-0.577,-186.0
DOGEUSDT,1.5,1.0,0.52,95,0.4421,0.25245179461683265,-1.2795,-139.27
DOGEUSDT,1.5,1.0,0.56,34,0.6471,0.44627217167305533,-1.1139,-33.38
DOGEUSDT,2.0,1.0,0.36,889,0.4061,0.7322407788974391,-0.2252,-227.98
DOGEUSDT,2.0,1.0,0.4,280,0.4214,0.5092546368039387,-0.4223,-170.72
DOGEUSDT,2.0,1.0,0.44,107,0.4299,0.4226749775959604,-0.7258,-97.05
DOGEUSDT,2.0,1.0,0.48,37,0.5405,0.4799187851222293,-1.4751,-41.6
DOGEUSDT,2.0,1.0,0.52,17,0.5882,0.6834236890233674,-0.263,-6.66
DOGEUSDT,2.0,1.0,0.56,3,0.6667,0.2083523117319673,-1.2782,-9.96
DOGEUSDT,2.0,1.5,0.36,1273,0.4533,0.8419774539095469,-0.2085,-214.92
DOGEUSDT,2.0,1.5,0.4,1213,0.4641,0.8446268840618236,-0.1902,-203.73
DOGEUSDT,2.0,1.5,0.44,725,0.5021,0.802790559852796,-0.1619,-157.79
DOGEUSDT,2.0,1.5,0.48,265,0.5057,0.6047301724707229,-0.3599,-136.07
DOGEUSDT,2.0,1.5,0.52,101,0.5149,0.5350703247763987,-0.8264,-74.48
DOGEUSDT,2.0,1.5,0.56,29,0.6207,0.5080904156083988,-1.2999,-31.78
DOGEUSDT,2.5,1.0,0.36,754,0.3833,0.7737761887307166,-0.1787,-182.79
DOGEUSDT,2.5,1.0,0.4,252,0.3968,0.5762409988674402,-0.3987,-146.67
DOGEUSDT,2.5,1.0,0.44,97,0.3918,0.4656244787754565,-0.749,-93.45
DOGEUSDT,2.5,1.0,0.48,35,0.5143,0.5686567981208174,-1.4701,-34.59
DOGEUSDT,2.5,1.0,0.52,17,0.5882,0.3480309269674813,-1.5521,-35.58
DOGEUSDT,2.5,1.0,0.56,3,0.6667,0.2757687480096161,-1.1117,-9.11
DOGEUSDT,3.0,1.0,0.36,36,0.4722,0.3666053517111185,-2.3346,-64.42
DOGEUSDT,3.0,1.0,0.4,16,0.625,0.616492993532654,-0.5057,-10.49
DOGEUSDT,3.0,1.0,0.44,6,0.5,1.4865067606986377,0.4713,2.2
DOGEUSDT,3.0,1.0,0.48,3,0.6667,2.45195939263233,0.7298,2.03
DOGEUSDT,3.0,1.0,0.52,0,0.0,,0.0,0.0
DOGEUSDT,3.0,1.5,0.36,253,0.4783,0.7510006592082957,-0.2714,-92.66
DOGEUSDT,3.0,1.5,0.4,108,0.5,0.6860617479461785,-0.3066,-51.1
DOGEUSDT,3.0,1.5,0.44,31,0.6129,1.9354647411715014,0.6469,21.03
DOGEUSDT,3.0,1.5,0.48,14,0.6429,0.34211524311100383,-2.4281,-28.91
DOGEUSDT,3.0,1.5,0.52,10,0.6,2.0235722599439727,0.8377,6.24
DOGEUSDT,3.0,1.5,0.56,3,0.3333,0.4992613157781194,-0.215,-1.84
DOGEUSDT,4.0,1.5,0.36,32,0.5,0.7893005276003573,-1.0605,-15.55
DOGEUSDT,4.0,1.5,0.4,12,0.5,0.5383695961428309,-0.8984,-13.41
DOGEUSDT,4.0,1.5,0.44,6,0.5,1.9519415194344296,0.916,4.74
DOGEUSDT,4.0,1.5,0.48,2,1.0,,2.405,4.91
DOGEUSDT,4.0,1.5,0.52,0,0.0,,0.0,0.0
DOTUSDT,1.5,1.0,0.36,2124,0.403,0.6540398414102332,-0.2873,-689.94
DOTUSDT,1.5,1.0,0.4,1993,0.4074,0.6523203885289106,-0.2935,-643.43
DOTUSDT,1.5,1.0,0.44,666,0.4354,0.6043209218475399,-0.4003,-285.2
DOTUSDT,1.5,1.0,0.48,175,0.4743,0.4927630127774336,-0.5741,-120.75
DOTUSDT,1.5,1.0,0.52,54,0.3889,0.1788374515339095,-2.6474,-165.44
DOTUSDT,1.5,1.0,0.56,16,0.5625,0.1776404698976004,-4.5163,-61.22
DOTUSDT,2.0,1.0,0.36,819,0.3932,0.7140168836553418,-0.2808,-241.98
DOTUSDT,2.0,1.0,0.4,218,0.445,0.49516128006491206,-0.5189,-166.06
DOTUSDT,2.0,1.0,0.44,58,0.4483,0.33415344368393196,-1.4591,-94.81
DOTUSDT,2.0,1.0,0.48,20,0.5,0.24297548945756373,-2.7619,-59.19
DOTUSDT,2.0,1.0,0.52,10,0.5,0.1336827572237582,-9.6015,-76.78
DOTUSDT,2.0,1.0,0.56,2,0.5,1.4082818502640333,0.6215,0.4
DOTUSDT,2.0,1.5,0.36,1254,0.4466,0.7987211642869639,-0.223,-289.91
DOTUSDT,2.0,1.5,0.4,1174,0.4429,0.7564943095176598,-0.2729,-340.97
DOTUSDT,2.0,1.5,0.44,657,0.4642,0.7362714798492993,-0.3034,-213.36
DOTUSDT,2.0,1.5,0.48,226,0.5442,0.6791995528952979,-0.3394,-105.96
DOTUSDT,2.0,1.5,0.52,66,0.5152,0.44436429142597494,-1.0926,-77.43
DOTUSDT,2.0,1.5,0.56,15,0.6667,0.7991208914782446,-2.511,-8.65
DOTUSDT,2.5,1.0,0.36,690,0.3754,0.8347512341229854,-0.186,-122.48
DOTUSDT,2.5,1.0,0.4,194,0.3969,0.4771968011478773,-0.715,-187.98
DOTUSDT,2.5,1.0,0.44,58,0.4138,0.2740288202438153,-1.7187,-136.73
DOTUSDT,2.5,1.0,0.48,20,0.5,0.32142649453574773,-2.5371,-53.05
DOTUSDT,2.5,1.0,0.52,10,0.5,0.17124125148658384,-9.4017,-73.45
DOTUSDT,2.5,1.0,0.56,2,0.5,1.9299986596279408,0.8712,0.92
DOTUSDT,3.0,1.0,0.36,31,0.4194,0.22583051644770002,-2.9386,-108.56
DOTUSDT,3.0,1.0,0.4,9,0.5556,0.5246551876289123,-3.5292,-17.38
DOTUSDT,3.0,1.0,0.44,3,0.6667,0.12092606688078215,-26.1586,-52.73
DOTUSDT,3.0,1.0,0.48,3,0.6667,163.64591492050644,1.8333,6.12
DOTUSDT,3.0,1.5,0.36,200,0.425,0.5669359294914819,-0.5415,-162.8
DOTUSDT,3.0,1.5,0.4,79,0.443,0.335426683552741,-1.6381,-152.48
DOTUSDT,3.0,1.5,0.44,24,0.5417,0.23861643670901134,-4.0196,-98.29
DOTUSDT,3.0,1.5,0.48,8,0.75,0.4771551800029396,-5.4057,-20.77
DOTUSDT,3.0,1.5,0.52,4,0.5,0.25595213567754366,-7.5267,-18.72
DOTUSDT,3.0,1.5,0.56,2,0.5,5.031226839272774,1.1314,2.24
DOTUSDT,4.0,1.5,0.36,23,0.5217,0.6216279299043298,-1.3138,-28.72
DOTUSDT,4.0,1.5,0.4,8,0.75,0.8440227524561196,-2.4361,-5.09
DOTUSDT,4.0,1.5,0.44,3,0.6667,0.16273145536206687,-25.4926,-50.22
DOTUSDT,4.0,1.5,0.48,2,1.0,,3.7751,8.37
ENAUSDT,1.5,1.0,0.36,2105,0.4019,0.7444707962938565,-0.2041,-687.5
ENAUSDT,1.5,1.0,0.4,1979,0.4083,0.7471232787712179,-0.2118,-639.71
ENAUSDT,1.5,1.0,0.44,679,0.4212,0.5632506468648172,-0.4412,-524.15
ENAUSDT,1.5,1.0,0.48,187,0.4599,0.5810149273791149,-0.5807,-174.8
ENAUSDT,1.5,1.0,0.52,62,0.4839,0.59198049266893,-0.5559,-59.23
ENAUSDT,1.5,1.0,0.56,25,0.48,0.14642879237561887,-3.8475,-208.78
ENAUSDT,2.0,1.0,0.36,715,0.3692,0.5941933315893119,-0.4045,-509.12
ENAUSDT,2.0,1.0,0.4,184,0.5109,0.8896658137357549,-0.3414,-41.3
ENAUSDT,2.0,1.0,0.44,63,0.4921,0.46831346713418326,-1.9632,-135.54
ENAUSDT,2.0,1.0,0.48,20,0.5,0.26800303557825206,-2.8048,-118.32
ENAUSDT,2.0,1.0,0.52,5,0.6,0.5850988078076785,-2.3158,-13.53
ENAUSDT,2.0,1.0,0.56,2,0.5,15.388464444129623,0.8765,3.35
ENAUSDT,2.0,1.5,0.36,1218,0.4351,0.8162615655392739,-0.2097,-373.99
ENAUSDT,2.0,1.5,0.4,1118,0.4347,0.7537549821893337,-0.2545,-479.78
ENAUSDT,2.0,1.5,0.44,601,0.4742,0.7381242183524751,-0.3055,-301.11
ENAUSDT,2.0,1.5,0.48,172,0.5058,0.6064289622827003,-0.6812,-188.27
ENAUSDT,2.0,1.5,0.52,60,0.5833,0.5659207388948243,-1.7871,-103.43
ENAUSDT,2.0,1.5,0.56,16,0.5625,0.4799949919891108,-1.0787,-35.79
ENAUSDT,2.5,1.0,0.36,646,0.3328,0.6538003500056996,-0.4023,-423.6
ENAUSDT,2.5,1.0,0.4,179,0.4804,0.9144589697648106,-0.3125,-32.37
ENAUSDT,2.5,1.0,0.44,54,0.5,0.5236115068266686,-1.9389,-110.93
ENAUSDT,2.5,1.0,0.48,20,0.5,0.325616679483831,-2.6242,-109.01
ENAUSDT,2.5,1.0,0.52,5,0.6,0.7380928077555252,-2.0161,-8.54
ENAUSDT,2.5,1.0,0.56,2,0.5,19.5041131678552,1.1262,4.31
ENAUSDT,3.0,1.0,0.36,20,0.5,0.3413069293383804,-5.8271,-92.81
ENAUSDT,3.0,1.0,0.4,4,0.5,0.19114257353947592,-0.9916,-28.78
ENAUSDT,3.0,1.0,0.44,1,1.0,,2.5241,4.42
ENAUSDT,3.0,1.0,0.48,0,0.0,,0.0,0.0
ENAUSDT,3.0,1.5,0.36,152,0.5197,0.9123786979028816,-0.1613,-32.14
ENAUSDT,3.0,1.5,0.4,58,0.6379,1.2040905191000795,0.3979,31.6
ENAUSDT,3.0,1.5,0.44,16,0.5,0.3428840304800035,-7.0975,-79.27
ENAUSDT,3.0,1.5,0.48,3,0.6667,0.3359747936646529,-0.5586,-7.88
ENAUSDT,3.0,1.5,0.52,1,1.0,,2.2496,3.96
ENAUSDT,4.0,1.5,0.36,117,,,,
ENAUSDT,4.0,1.5,0.4,4,0.5,0.10972133755277258,-1.9772,-41.35
ENAUSDT,4.0,1.5,0.44,1,1.0,,3.5231,6.17
ETHUSDT,1.5,1.0,0.36,2021,0.4097,0.6389656125357542,-0.3352,-545.2
ETHUSDT,1.5,1.0,0.4,1917,0.4194,0.6457688173174144,-0.3269,-506.81
ETHUSDT,1.5,1.0,0.44,816,0.424,0.5593807394320645,-0.4625,-298.38
ETHUSDT,1.5,1.0,0.48,313,0.4281,0.4294309002708496,-0.7873,-193.49
ETHUSDT,1.5,1.0,0.52,122,0.377,0.3439255598706749,-1.2518,-101.96
ETHUSDT,1.5,1.0,0.56,42,0.4048,0.21778915702976662,-1.8686,-53.97
ETHUSDT,2.0,1.0,0.36,978,0.3804,0.6676975861040304,-0.369,-272.45
ETHUSDT,2.0,1.0,0.4,361,0.385,0.5383907428710325,-0.6376,-165.4
ETHUSDT,2.0,1.0,0.44,146,0.4041,0.4197292505940036,-0.9379,-111.25
ETHUSDT,2.0,1.0,0.48,48,0.3125,0.2824574541516954,-1.5871,-48.69
ETHUSDT,2.0,1.0,0.52,16,0.375,0.24307080571701498,-2.5453,-21.64
ETHUSDT,2.0,1.0,0.56,2,0.5,0.04999360336185638,-7.9385,-20.41
ETHUSDT,2.0,1.5,0.36,1303,0.4236,0.6770756616097657,-0.3797,-410.87
ETHUSDT,2.0,1.5,0.4,1217,0.4224,0.6700449556743422,-0.3892,-389.33
ETHUSDT,2.0,1.5,0.44,814,0.457,0.7249318322154497,-0.3423,-208.17
ETHUSDT,2.0,1.5,0.48,352,0.4574,0.5982872344013215,-0.552,-145.76
ETHUSDT,2.0,1.5,0.52,141,0.4468,0.36063311275949184,-1.4906,-155.83
ETHUSDT,2.0,1.5,0.56,47,0.3191,0.20000833461869474,-2.3469,-83.01
ETHUSDT,2.5,1.0,0.36,833,0.3481,0.7343916259469135,-0.3226,-196.08
ETHUSDT,2.5,1.0,0.4,336,0.3482,0.5954050505337997,-0.6005,-141.69
ETHUSDT,2.5,1.0,0.44,140,0.3857,0.4967390284210562,-0.913,-95.96
ETHUSDT,2.5,1.0,0.48,46,0.3043,0.3583395459474176,-1.4331,-42.48
ETHUSDT,2.5,1.0,0.52,16,0.375,0.3344519995047129,-2.3892,-19.03
ETHUSDT,2.5,1.0,0.56,2,0.5,0.0654006491347299,-7.6888,-20.08
ETHUSDT,3.0,1.0,0.36,59,0.3729,0.5610119639623937,-1.0097,-38.42
ETHUSDT,3.0,1.0,0.4,20,0.35,0.2770815929566382,-1.9731,-28.39
ETHUSDT,3.0,1.0,0.44,5,0.2,0.05770548592501496,-5.7295,-28.35
ETHUSDT,3.0,1.0,0.48,1,1.0,,2.613,1.7
ETHUSDT,3.0,1.0,0.52,0,0.0,,0.0,0.0
ETHUSDT,3.0,1.0,0.56,0,0.0,,0.0,0.0
ETHUSDT,3.0,1.5,0.36,325,0.4092,0.7346221199502182,-0.4314,-98.29
ETHUSDT,3.0,1.5,0.4,146,0.3904,0.5646890830035841,-0.8631,-94.24
ETHUSDT,3.0,1.5,0.44,53,0.4717,0.6351604290058516,-0.7128,-29.54
ETHUSDT,3.0,1.5,0.48,16,0.375,0.22542109683673142,-3.7547,-44.07
ETHUSDT,3.0,1.5,0.52,4,0.5,0.22433503794429205,-4.1036,-18.53
ETHUSDT,3.0,1.5,0.56,2,0.5,0.07983798818549068,-7.5688,-19.63
ETHUSDT,4.0,1.5,0.36,54,0.4259,0.5844987735199133,-0.9812,-45.23
ETHUSDT,4.0,1.5,0.4,17,0.4118,0.34979795775362094,-3.1412,-34.19
ETHUSDT,4.0,1.5,0.44,4,0.25,0.07744683379347618,-7.2528,-28.57
ETHUSDT,4.0,1.5,0.48,1,1.0,,3.612,2.35
ETHUSDT,4.0,1.5,0.52,1,1.0,,3.5982,2.26
ETHUSDT,4.0,1.5,0.56,0,0.0,,0.0,0.0
FETUSDT,1.5,1.0,0.36,2055,0.4034,0.7126785551265366,-0.2209,-709.04
FETUSDT,1.5,1.0,0.4,1911,0.4066,0.7122370185166828,-0.228,-669.16
FETUSDT,1.5,1.0,0.44,632,0.4494,0.6628402298894045,-0.2826,-333.35
FETUSDT,1.5,1.0,0.48,196,0.4286,0.43076074361170524,-0.9774,-325.08
FETUSDT,1.5,1.0,0.52,82,0.4634,0.4258516593520358,-0.9156,-147.96
FETUSDT,1.5,1.0,0.56,26,0.3846,0.23653030942571882,-1.5562,-109.19
FETUSDT,2.0,1.0,0.36,706,0.3867,0.6156885177665865,-0.3974,-458.78
FETUSDT,2.0,1.0,0.4,217,0.4194,0.5035335600782258,-0.7783,-283.4
FETUSDT,2.0,1.0,0.44,73,0.3973,0.33261002706059456,-1.1016,-189.6
FETUSDT,2.0,1.0,0.48,17,0.4118,0.2420901377230304,-0.8571,-67.1
FETUSDT,2.0,1.0,0.52,5,0.0,0.0,-4.6078,-75.85
FETUSDT,2.0,1.0,0.56,3,0.0,0.0,-1.6237,-33.11
FETUSDT,2.0,1.5,0.36,1200,0.44,0.8013043084011283,-0.2235,-368.29
FETUSDT,2.0,1.5,0.4,1078,0.4545,0.8289917527700411,-0.1964,-285.56
FETUSDT,2.0,1.5,0.44,573,0.4974,0.8028574284300168,-0.2259,-192.77
FETUSDT,2.0,1.5,0.48,185,0.5405,0.6367154914670079,-0.5996,-179.22
FETUSDT,2.0,1.5,0.52,54,0.5185,0.393746150307278,-0.8187,-125.43
FETUSDT,2.0,1.5,0.56,16,0.3125,0.1111151894394661,-1.7011,-91.77
FETUSDT,2.5,1.0,0.36,621,0.3591,0.6284616680107725,-0.3828,-420.56
FETUSDT,2.5,1.0,0.4,188,0.383,0.4470704091619101,-0.9394,-320.33
FETUSDT,2.5,1.0,0.44,63,0.3492,0.36418549837208586,-1.3167,-179.22
FETUSDT,2.5,1.0,0.48,16,0.3125,0.18512100651369012,-1.1599,-77.58
FETUSDT,2.5,1.0,0.52,5,0.0,0.0,-4.6078,-75.85
FETUSDT,2.5,1.0,0.56,3,0.0,0.0,-1.6237,-33.11
FETUSDT,3.0,1.0,0.36,22,0.3182,0.2812741996741406,-0.9244,-68.19
FETUSDT,3.0,1.0,0.4,7,0.0,0.0,-2.677,-64.34
FETUSDT,3.0,1.0,0.44,4,0.5,0.8174355444181742,0.3534,-2.03
FETUSDT,3.0,1.0,0.48,2,0.5,0.38394493017561365,-0.3297,-2.12
FETUSDT,3.0,1.0,0.52,1,1.0,,0.2517,0.78
FETUSDT,3.0,1.0,0.56,0,0.0,,0.0,0.0
FETUSDT,3.0,1.5,0.36,152,0.4605,0.6102493866100517,-0.5321,-165.51
FETUSDT,3.0,1.5,0.4,60,0.3833,0.33736822330260485,-1.996,-196.39
FETUSDT,3.0,1.5,0.44,26,0.5,0.5820933908848752,-0.0966,-43.58
FETUSDT,3.0,1.5,0.48,9,0.2222,0.23098840715872465,-0.542,-18.98
FETUSDT,3.0,1.5,0.52,3,0.0,0.0,-7.3524,-76.36
FETUSDT,3.0,1.5,0.56,1,0.0,0.0,-10.8775,-34.27
FETUSDT,4.0,1.5,0.36,20,0.45,0.4487450530476005,-0.4527,-65.15
FETUSDT,4.0,1.5,0.4,6,0.0,0.0,-2.6087,-54.53
FETUSDT,4.0,1.5,0.44,2,0.0,0.0,-10.3606,-66.0
FETUSDT,4.0,1.5,0.48,1,0.0,0.0,-0.0105,-0.03
FETUSDT,4.0,1.5,0.52,1,0.0,0.0,-0.0983,-0.3
FETUSDT,4.0,1.5,0.56,0,0.0,,0.0,0.0
FILUSDT,1.5,1.0,0.36,2098,0.3942,0.6718137131173318,-0.2927,-711.16
FILUSDT,1.5,1.0,0.4,1896,0.4093,0.7164620405690454,-0.2698,-546.89
FILUSDT,1.5,1.0,0.44,685,0.4073,0.5813917775523915,-0.426,-387.75
FILUSDT,1.5,1.0,0.48,218,0.3853,0.39099419445664113,-0.9455,-304.64
FILUSDT,1.5,1.0,0.52,70,0.4714,0.6674902868714355,-0.2718,-44.22
FILUSDT,1.5,1.0,0.56,26,0.5385,0.8958021157959021,-0.0189,-5.23
FILUSDT,2.0,1.0,0.36,837,0.3943,0.7166324684106481,-0.2813,-282.26
FILUSDT,2.0,1.0,0.4,246,0.3821,0.49976721390802503,-0.6935,-244.24
FILUSDT,2.0,1.0,0.44,73,0.5068,0.7519732219789351,-0.5589,-42.27
FILUSDT,2.0,1.0,0.48,31,0.5806,1.8332477924397068,0.2825,39.83
FILUSDT,2.0,1.0,0.52,10,0.5,1.1501346225771083,-0.5845,3.73
FILUSDT,2.0,1.0,0.56,5,0.8,21.1397169831544,1.5171,24.86
FILUSDT,2.0,1.5,0.36,1283,0.4326,0.7886059648885584,-0.2711,-351.23
FILUSDT,2.0,1.5,0.4,1191,0.4484,0.8129228864913774,-0.2299,-280.2
FILUSDT,2.0,1.5,0.44,691,0.479,0.7714325646531767,-0.2434,-204.31
FILUSDT,2.0,1.5,0.48,241,0.4647,0.5913830710688217,-0.6613,-186.05
FILUSDT,2.0,1.5,0.52,66,0.6364,0.8672923993503441,-0.4504,-19.29
FILUSDT,2.0,1.5,0.56,20,0.55,1.084228549664347,-0.1045,4.26
FILUSDT,2.5,1.0,0.36,726,0.3581,0.7793705608730581,-0.2649,-207.75
FILUSDT,2.5,1.0,0.4,223,0.3543,0.5846343318599809,-0.6465,-182.47
FILUSDT,2.5,1.0,0.44,64,0.4375,0.7359172226844242,-0.6986,-44.86
FILUSDT,2.5,1.0,0.48,30,0.6,2.21709772148387,0.5082,58.05
FILUSDT,2.5,1.0,0.52,10,0.5,1.3308548002512453,-0.4524,8.85
FILUSDT,2.5,1.0,0.56,5,0.8,25.88332621326616,1.922,30.72
FILUSDT,3.0,1.0,0.36,29,0.5862,1.3762276869225345,0.0217,22.73
FILUSDT,3.0,1.0,0.4,10,0.5,0.691105366511133,-0.9078,-16.95
FILUSDT,3.0,1.0,0.44,3,1.0,,2.9014,30.47
FILUSDT,3.0,1.0,0.48,2,1.0,,2.7445,22.64
FILUSDT,3.0,1.0,0.52,3,0.6667,101.26852220130668,1.9202,14.52
FILUSDT,3.0,1.0,0.56,1,0.0,0.0,-0.1253,-0.65
FILUSDT,3.0,1.5,0.36,200,0.46,0.8735243526761708,-0.2293,-42.5
FILUSDT,3.0,1.5,0.4,72,0.5556,1.1522101633110693,0.302,19.44
FILUSDT,3.0,1.5,0.44,28,0.5357,0.650284822871718,-1.1352,-41.52
FILUSDT,3.0,1.5,0.48,10,0.7,1.2674514973394102,0.0617,12.05
FILUSDT,3.0,1.5,0.52,4,1.0,,2.2995,28.03
FILUSDT,3.0,1.5,0.56,3,1.0,,2.7346,26.93
FILUSDT,4.0,1.5,0.36,24,0.5,0.6744381199918283,-1.7523,-42.95
FILUSDT,4.0,1.5,0.4,9,0.6667,0.9299220066742508,-0.1138,-3.66
FILUSDT,4.0,1.5,0.44,4,1.0,,3.419,41.51
FILUSDT,4.0,1.5,0.48,2,1.0,,3.6638,29.18
FILUSDT,4.0,1.5,0.52,2,1.0,,3.4954,27.74
FILUSDT,4.0,1.5,0.56,2,0.5,4.5151514041804885,0.5083,2.29
HBARUSDT,1.5,1.0,0.36,2149,0.3983,0.6220941908821038,-0.3254,-728.26
HBARUSDT,1.5,1.0,0.4,1985,0.4086,0.6447911996534261,-0.3076,-624.05
HBARUSDT,1.5,1.0,0.44,680,0.4515,0.5144366581336672,-0.4208,-345.03
HBARUSDT,1.5,1.0,0.48,212,0.4245,0.34243431059791635,-0.7936,-189.24
HBARUSDT,1.5,1.0,0.52,65,0.4923,0.26893995443049157,-1.0592,-91.41
HBARUSDT,1.5,1.0,0.56,23,0.5217,0.15236696365471586,-3.7901,-64.84
HBARUSDT,2.0,1.0,0.36,869,0.3959,0.6510561652656504,-0.2975,-303.08
HBARUSDT,2.0,1.0,0.4,253,0.4506,0.5228248469095803,-0.5337,-152.97
HBARUSDT,2.0,1.0,0.44,94,0.4681,0.3353312137664256,-1.0455,-121.61
HBARUSDT,2.0,1.0,0.48,29,0.5517,0.2157155437079945,-2.4439,-73.92
HBARUSDT,2.0,1.0,0.52,10,0.5,0.12211086523478039,-8.872,-66.28
HBARUSDT,2.0,1.0,0.56,2,0.0,0.0,-2.568,-5.37
HBARUSDT,2.0,1.5,0.36,1305,0.4544,0.7849783312215438,-0.225,-299.56
HBARUSDT,2.0,1.5,0.4,1238,0.4669,0.8013515570665053,-0.2092,-259.19
HBARUSDT,2.0,1.5,0.44,722,0.5055,0.7487590403807014,-0.2118,-198.89
HBARUSDT,2.0,1.5,0.48,251,0.5299,0.5040167201958154,-0.6479,-189.64
HBARUSDT,2.0,1.5,0.52,77,0.5584,0.28789505356112693,-1.2575,-121.31
HBARUSDT,2.0,1.5,0.56,23,0.6957,1.2162201151071115,0.243,3.14
HBARUSDT,2.5,1.0,0.36,748,0.3743,0.7311411750369279,-0.2466,-212.45
HBARUSDT,2.5,1.0,0.4,232,0.4267,0.5899127751493061,-0.5144,-131.5
HBARUSDT,2.5,1.0,0.44,88,0.4318,0.36789488635474493,-1.115,-117.35
HBARUSDT,2.5,1.0,0.48,27,0.5926,0.2864461246292364,-2.3142,-66.44
HBARUSDT,2.5,1.0,0.52,9,0.5556,0.21360353529548634,-4.0374,-43.61
HBARUSDT,2.5,1.0,0.56,2,0.0,0.0,-2.568,-5.37
HBARUSDT,3.0,1.0,0.36,42,0.5238,0.954892463508322,0.1195,-1.92
HBARUSDT,3.0,1.0,0.4,13,0.3846,0.2260772885694717,-4.5317,-52.38
HBARUSDT,3.0,1.0,0.44,5,0.2,0.2361589796972629,-0.8877,-2.92
HBARUSDT,3.0,1.0,0.48,0,0.0,,0.0,0.0
HBARUSDT,3.0,1.5,0.36,231,0.4892,0.7902292556077016,-0.2848,-68.53
HBARUSDT,3.0,1.5,0.4,99,0.5657,0.733474912153486,-0.2169,-40.12
HBARUSDT,3.0,1.5,0.44,43,0.6279,1.0854116092105297,0.2214,4.08
HBARUSDT,3.0,1.5,0.48,18,0.6667,0.35762184954357057,-1.6421,-43.08
HBARUSDT,3.0,1.5,0.52,4,0.25,0.025917615695793338,-9.6599,-44.42
HBARUSDT,3.0,1.5,0.56,0,0.0,,0.0,0.0
HBARUSDT,4.0,1.5,0.36,35,0.5429,0.4398395160292662,-1.5071,-63.07
HBARUSDT,4.0,1.5,0.4,10,0.6,0.45757647105786053,-3.4432,-29.61
HBARUSDT,4.0,1.5,0.44,4,0.25,0.02994710837805992,-9.2433,-41.84
ICPUSDT,1.5,1.0,0.36,2121,0.4102,0.6877806883012223,-0.2612,-728.58
ICPUSDT,1.5,1.0,0.4,1958,0.4106,0.6570455318093078,-0.2692,-746.02
ICPUSDT,1.5,1.0,0.44,666,0.4324,0.6171585772286132,-0.3609,-365.56
ICPUSDT,1.5,1.0,0.48,180,0.4222,0.5091971442561102,-0.6655,-215.52
ICPUSDT,1.5,1.0,0.52,73,0.3836,0.23946794793313197,-2.5761,-292.77
ICPUSDT,1.5,1.0,0.56,27,0.4815,0.26242630898643554,-2.5659,-122.54
ICPUSDT,2.0,1.0,0.36,773,0.379,0.6123714822381552,-0.3201,-421.08
ICPUSDT,2.0,1.0,0.4,211,0.3981,0.5037142876936945,-0.5149,-219.76
ICPUSDT,2.0,1.0,0.44,66,0.3788,0.40984411397124326,-1.3045,-144.59
ICPUSDT,2.0,1.0,0.48,24,0.5833,0.4150972884868755,-4.6226,-100.0
ICPUSDT,2.0,1.0,0.52,11,0.5455,0.2773499917652174,-4.2852,-77.06
ICPUSDT,2.0,1.0,0.56,5,0.4,0.3831991947606891,-3.1796,-31.35
ICPUSDT,2.0,1.5,0.36,1288,0.4255,0.7234340072877354,-0.2861,-512.1
ICPUSDT,2.0,1.5,0.4,1159,0.4314,0.7034645978484162,-0.2753,-494.56
ICPUSDT,2.0,1.5,0.44,622,0.463,0.7189442374140718,-0.2614,-259.34
ICPUSDT,2.0,1.5,0.48,182,0.4945,0.5406701706127846,-0.5007,-203.85
ICPUSDT,2.0,1.5,0.52,62,0.3871,0.35109760089898595,-2.0798,-199.08
ICPUSDT,2.0,1.5,0.56,21,0.3333,0.16570471811200937,-6.8544,-191.77
ICPUSDT,2.5,1.0,0.36,667,0.3448,0.6368750566664344,-0.3717,-379.6
ICPUSDT,2.5,1.0,0.4,192,0.3802,0.5325411940194595,-0.6097,-214.21
ICPUSDT,2.5,1.0,0.44,61,0.3443,0.3626467143714969,-1.465,-156.3
ICPUSDT,2.5,1.0,0.48,21,0.4762,0.3844992158010937,-5.3519,-113.15
ICPUSDT,2.5,1.0,0.52,12,0.5833,0.42246877987843906,-3.3838,-60.27
ICPUSDT,2.5,1.0,0.56,6,0.3333,0.4810246385661133,-2.4841,-26.4
ICPUSDT,3.0,1.0,0.36,24,0.4167,0.2949918517428316,-2.1819,-101.68
ICPUSDT,3.0,1.0,0.4,34,,,,
ICPUSDT,3.0,1.0,0.44,2,1.0,,2.5922,7.8
ICPUSDT,3.0,1.5,0.36,162,0.3889,0.4436103041758323,-1.1521,-266.72
ICPUSDT,3.0,1.5,0.4,60,0.45,0.454500301025532,-1.8672,-148.49
ICPUSDT,3.0,1.5,0.44,20,0.6,0.34129040140702877,-2.4182,-93.16
ICPUSDT,3.0,1.5,0.48,6,0.5,0.47227487158728504,-1.889,-10.35
ICPUSDT,3.0,1.5,0.52,2,1.0,,2.8188,8.31
ICPUSDT,3.0,1.5,0.56,0,0.0,,0.0,0.0
ICPUSDT,4.0,1.5,0.36,18,0.3889,0.2933121085230495,-6.9096,-132.51
ICPUSDT,4.0,1.5,0.4,6,0.8333,2.1591587996527872,2.2653,15.15
ICPUSDT,4.0,1.5,0.44,1,1.0,,3.8715,6.86
INJUSDT,1.5,1.0,0.36,2148,0.4115,0.7391108126805279,-0.2221,-631.97
INJUSDT,1.5,1.0,0.4,1990,0.4126,0.7290886184426635,-0.2309,-607.6
INJUSDT,1.5,1.0,0.44,680,0.4382,0.6180504551359979,-0.3754,-368.64
INJUSDT,1.5,1.0,0.48,182,0.4231,0.5573430505929835,-0.572,-157.55
INJUSDT,1.5,1.0,0.52,61,0.459,0.5774965897335399,-0.4959,-55.24
INJUSDT,1.5,1.0,0.56,26,0.7308,2.1151514143114714,0.561,27.55
INJUSDT,2.0,1.0,0.36,781,0.3892,0.6737648458940676,-0.3185,-366.93
INJUSDT,2.0,1.0,0.4,205,0.4146,0.4950963788382244,-0.6466,-220.72
INJUSDT,2.0,1.0,0.44,59,0.4407,0.7135063339569264,-0.3254,-32.88
INJUSDT,2.0,1.0,0.48,19,0.7368,3.599131975622678,0.7714,31.76
INJUSDT,2.0,1.0,0.52,10,0.6,0.6514976421275838,-0.9838,-14.54
INJUSDT,2.0,1.0,0.56,5,0.8,5.140034477819908,1.1042,13.17
INJUSDT,2.0,1.5,0.36,1288,0.4293,0.7689173089973091,-0.2584,-446.23
INJUSDT,2.0,1.5,0.4,1176,0.4311,0.7535071664031634,-0.2652,-439.34
INJUSDT,2.0,1.5,0.44,652,0.4525,0.7043434415008124,-0.3339,-300.33
INJUSDT,2.0,1.5,0.48,196,0.5051,0.6576039328132041,-0.5455,-145.69
INJUSDT,2.0,1.5,0.52,51,0.5294,0.6134872813980397,-0.6524,-52.17
INJUSDT,2.0,1.5,0.56,19,0.5789,0.4737354728241209,-1.058,-39.68
INJUSDT,2.5,1.0,0.36,680,0.3441,0.693111997656341,-0.3511,-334.45
INJUSDT,2.5,1.0,0.4,193,0.3782,0.5301402907112276,-0.7046,-215.22
INJUSDT,2.5,1.0,0.44,60,0.45,0.8547234385765956,-0.1448,-17.53
INJUSDT,2.5,1.0,0.48,18,0.6111,1.2277319977609324,0.0593,8.5
INJUSDT,2.5,1.0,0.52,10,0.6,0.8551711991856978,-0.6003,-6.04
INJUSDT,2.5,1.0,0.56,5,0.8,6.517358891097818,1.5038,17.56
INJUSDT,3.0,1.0,0.36,17,0.4706,0.9617565978030145,-0.0782,-1.76
INJUSDT,3.0,1.0,0.4,7,0.8571,1.2432671357430336,-0.0295,5.18
INJUSDT,3.0,1.0,0.44,2,0.5,0.09309765964311885,-5.9699,-46.16
INJUSDT,3.0,1.0,0.48,2,1.0,,1.3049,5.27
INJUSDT,3.0,1.0,0.52,1,0.0,0.0,-0.4134,-1.33
INJUSDT,3.0,1.5,0.36,161,0.4348,0.6180617525333298,-0.6473,-147.7
INJUSDT,3.0,1.5,0.4,53,0.4717,0.5073276000273128,-0.832,-83.88
INJUSDT,3.0,1.5,0.44,23,0.5652,0.9671192390609025,0.2873,-1.88
INJUSDT,3.0,1.5,0.48,8,0.75,3.2421354645633023,1.3213,19.73
INJUSDT,3.0,1.5,0.52,2,0.5,0.06290155235379302,-6.455,-47.69
INJUSDT,3.0,1.5,0.56,1,0.0,0.0,-0.6271,-2.02
INJUSDT,4.0,1.5,0.36,19,0.4211,0.7378899669172295,-1.5517,-20.18
INJUSDT,4.0,1.5,0.4,5,0.6,0.20390505196048359,-2.9966,-44.79
INJUSDT,4.0,1.5,0.44,2,0.5,0.1272893618341507,-5.1344,-43.69
INJUSDT,4.0,1.5,0.48,1,0.0,0.0,-0.6271,-2.02
INJUSDT,4.0,1.5,0.52,0,0.0,,0.0,0.0
LINKUSDT,1.5,1.0,0.36,2038,0.3974,0.6606761733991323,-0.2988,-622.09
LINKUSDT,1.5,1.0,0.4,1895,0.3979,0.6617712379622247,-0.3024,-572.64
LINKUSDT,1.5,1.0,0.44,666,0.4249,0.5529752510394975,-0.433,-323.25
LINKUSDT,1.5,1.0,0.48,195,0.4051,0.31665469390836126,-0.9801,-226.77
LINKUSDT,1.5,1.0,0.52,55,0.4182,0.1722063020091029,-3.2774,-173.73
LINKUSDT,1.5,1.0,0.56,12,0.3333,0.04794083315127002,-10.2041,-120.19
LINKUSDT,2.0,1.0,0.36,796,0.3894,0.6346772669088354,-0.3337,-320.09
LINKUSDT,2.0,1.0,0.4,234,0.3932,0.4978833812334325,-0.6396,-167.7
LINKUSDT,2.0,1.0,0.44,66,0.3636,0.2397922278704728,-2.5038,-149.98
LINKUSDT,2.0,1.0,0.48,17,0.2941,0.08514363324258374,-5.3004,-98.41
LINKUSDT,2.0,1.0,0.52,3,0.6667,0.10327930678057001,-4.8381,-19.0
LINKUSDT,2.0,1.0,0.56,1,0.0,0.0,-0.5564,-0.38
LINKUSDT,2.0,1.5,0.36,1265,0.4356,0.7716641342547577,-0.2591,-323.77
LINKUSDT,2.0,1.5,0.4,1155,0.4294,0.7684413311965462,-0.2767,-300.17
LINKUSDT,2.0,1.5,0.44,677,0.4594,0.6918130269272026,-0.3276,-258.05
LINKUSDT,2.0,1.5,0.48,224,0.4911,0.5360474892335606,-0.6085,-166.27
LINKUSDT,2.0,1.5,0.52,66,0.5758,0.6488420889484506,-0.7895,-34.94
LINKUSDT,2.0,1.5,0.56,19,0.5263,0.11709472102959612,-7.152,-122.3
LINKUSDT,2.5,1.0,0.36,688,0.3561,0.6813436056990647,-0.3101,-263.05
LINKUSDT,2.5,1.0,0.4,216,0.3704,0.5306323846360106,-0.6229,-158.68
LINKUSDT,2.5,1.0,0.44,62,0.3226,0.25352258588570126,-2.6446,-149.12
LINKUSDT,2.5,1.0,0.48,16,0.3125,0.059645254883421664,-6.343,-113.79
LINKUSDT,2.5,1.0,0.52,4,0.75,0.15450486770609043,-3.3164,-17.92
LINKUSDT,2.5,1.0,0.56,1,0.0,0.0,-0.5564,-0.38
LINKUSDT,3.0,1.0,0.36,26,0.5,0.3348634338587155,-2.6377,-66.23
LINKUSDT,3.0,1.0,0.4,6,0.5,0.1606850151838648,-6.4697,-41.33
LINKUSDT,3.0,1.0,0.44,2,0.5,0.19837456354529492,-5.2974,-12.6
LINKUSDT,3.0,1.0,0.48,0,0.0,,0.0,0.0
LINKUSDT,3.0,1.5,0.36,213,0.4695,0.8507496998552166,-0.2497,-42.99
LINKUSDT,3.0,1.5,0.4,73,0.4795,0.5696632483494087,-1.0872,-65.68
LINKUSDT,3.0,1.5,0.44,27,0.4815,0.2008100205752564,-4.2964,-115.42
LINKUSDT,3.0,1.5,0.48,9,0.4444,0.14768035568584129,-6.9644,-70.98
LINKUSDT,3.0,1.5,0.52,5,0.6,0.3438131884666872,-1.4916,-10.51
LINKUSDT,3.0,1.5,0.56,1,0.0,0.0,-0.1905,-0.3
LINKUSDT,4.0,1.5,0.36,28,0.5357,0.35406191954519145,-2.9853,-90.02
LINKUSDT,4.0,1.5,0.4,7,0.5714,0.3962801866376072,-2.9025,-23.27
LINKUSDT,4.0,1.5,0.44,3,0.0,0.0,-4.5669,-15.92
LINKUSDT,4.0,1.5,0.48,1,0.0,0.0,-0.1905,-0.3
LTCUSDT,1.5,1.0,0.36,2020,0.3881,0.5840012506168581,-0.39,-670.1
LTCUSDT,1.5,1.0,0.4,1904,0.3944,0.5897045444221943,-0.3847,-618.33
LTCUSDT,1.5,1.0,0.44,744,0.4167,0.5535808010427573,-0.4854,-280.64
LTCUSDT,1.5,1.0,0.48,244,0.4139,0.43044076456229696,-0.7624,-150.6
LTCUSDT,1.5,1.0,0.52,93,0.3978,0.24874931831178773,-1.8734,-111.73
LTCUSDT,1.5,1.0,0.56,30,0.4,0.3367760609455685,-1.736,-38.45
LTCUSDT,2.0,1.0,0.36,851,0.3678,0.6482223330104897,-0.4045,-260.01
LTCUSDT,2.0,1.0,0.4,286,0.4161,0.6024882930424595,-0.5502,-115.95
LTCUSDT,2.0,1.0,0.44,97,0.3814,0.3741008336400883,-1.1433,-91.12
LTCUSDT,2.0,1.0,0.48,36,0.3889,0.36555358388844045,-1.6859,-39.42
LTCUSDT,2.0,1.0,0.52,13,0.3077,0.3922241976855118,-1.5595,-11.08
LTCUSDT,2.0,1.0,0.56,5,0.4,4.018454255607721,0.258,3.99
LTCUSDT,2.0,1.5,0.36,1174,0.4199,0.6728761074925051,-0.391,-378.29
LTCUSDT,2.0,1.5,0.4,1083,0.4257,0.6698668124818197,-0.3746,-353.21
LTCUSDT,2.0,1.5,0.44,714,0.4552,0.6975615661219137,-0.3765,-209.72
LTCUSDT,2.0,1.5,0.48,264,0.4621,0.6491359864750157,-0.5121,-96.93
LTCUSDT,2.0,1.5,0.52,99,0.4444,0.40018162064075224,-1.2333,-93.41
LTCUSDT,2.0,1.5,0.56,29,0.3793,0.29043786749114525,-3.7795,-56.07
LTCUSDT,2.5,1.0,0.36,768,0.3372,0.7167909505162984,-0.3682,-200.61
LTCUSDT,2.5,1.0,0.4,254,0.3661,0.5393728050191137,-0.6871,-141.03
LTCUSDT,2.5,1.0,0.44,93,0.3441,0.35042849470698595,-1.2892,-101.98
LTCUSDT,2.5,1.0,0.48,32,0.3438,0.42717983016403344,-1.9445,-35.6
LTCUSDT,2.5,1.0,0.52,13,0.3077,0.5040433241223015,-1.4058,-9.04
LTCUSDT,2.5,1.0,0.56,5,0.6,4.803862805208793,0.4512,5.49
LTCUSDT,3.0,1.0,0.36,42,0.381,0.4258788006295683,-1.4212,-49.53
LTCUSDT,3.0,1.0,0.4,12,0.3333,0.24543314388465737,-4.9511,-39.19
LTCUSDT,3.0,1.0,0.44,3,0.6667,5.433982006545341,1.4839,3.2
LTCUSDT,3.0,1.0,0.48,2,0.5,2.890046122493279,0.8953,1.36
LTCUSDT,3.0,1.0,0.52,1,1.0,,1.1036,0.74
LTCUSDT,3.0,1.5,0.36,219,0.4018,0.5827416892339553,-0.7365,-129.23
LTCUSDT,3.0,1.5,0.4,95,0.3684,0.3837901676775723,-1.3743,-114.05
LTCUSDT,3.0,1.5,0.44,38,0.3421,0.3384232375959079,-3.5878,-72.06
LTCUSDT,3.0,1.5,0.48,14,0.4286,0.38855164090372,-2.145,-19.56
LTCUSDT,3.0,1.5,0.52,6,0.3333,0.10616590109944311,-6.6863,-28.13
LTCUSDT,3.0,1.5,0.56,2,1.0,,1.5518,1.74
LTCUSDT,4.0,1.5,0.36,35,0.2857,0.27034778139943916,-4.2722,-96.16
LTCUSDT,4.0,1.5,0.4,6,0.5,0.36859173223608505,-3.0116,-15.47
LTCUSDT,4.0,1.5,0.44,2,1.0,,3.7108,4.58
LTCUSDT,4.0,1.5,0.48,1,0.0,0.0,-47.5699,-25.92
LTCUSDT,4.0,1.5,0.52,1,1.0,,2.7145,1.48
NEARUSDT,1.5,1.0,0.36,2090,0.4062,0.7099728861200928,-0.2334,-659.06
NEARUSDT,1.5,1.0,0.4,1926,0.4076,0.6955055323361578,-0.2396,-640.25
NEARUSDT,1.5,1.0,0.44,640,0.4172,0.5491220925772136,-0.4438,-414.66
NEARUSDT,1.5,1.0,0.48,175,0.4057,0.3203054443504531,-1.2529,-321.49
NEARUSDT,1.5,1.0,0.52,62,0.3226,0.2565576367361723,-1.2948,-133.39
NEARUSDT,1.5,1.0,0.56,25,0.2,0.09231002821526692,-3.156,-133.48
NEARUSDT,2.0,1.0,0.36,738,0.3794,0.6305544229032046,-0.3437,-382.05
NEARUSDT,2.0,1.0,0.4,183,0.4098,0.4471339449802702,-0.9704,-240.3
NEARUSDT,2.0,1.0,0.44,63,0.3175,0.2311175973805658,-2.1616,-188.46
NEARUSDT,2.0,1.0,0.48,20,0.25,0.12484228557725756,-5.567,-117.38
NEARUSDT,2.0,1.0,0.52,11,0.2727,0.06737440459933036,-11.2204,-123.26
NEARUSDT,2.0,1.0,0.56,2,0.0,0.0,-21.7015,-26.56
NEARUSDT,2.0,1.5,0.36,1280,0.4313,0.7836798662293634,-0.2524,-392.18
NEARUSDT,2.0,1.5,0.4,1189,0.4298,0.7700666492320062,-0.2714,-392.41
NEARUSDT,2.0,1.5,0.44,614,0.4397,0.6643520864284732,-0.4054,-322.88
NEARUSDT,2.0,1.5,0.48,184,0.4783,0.553221793052844,-0.8467,-193.48
NEARUSDT,2.0,1.5,0.52,46,0.4783,0.2540225989805013,-2.7924,-168.45
NEARUSDT,2.0,1.5,0.56,17,0.4118,0.10939953429350756,-7.4533,-138.87
NEARUSDT,2.5,1.0,0.36,661,0.351,0.6929317361039155,-0.2997,-307.61
NEARUSDT,2.5,1.0,0.4,163,0.3497,0.45147095663214204,-1.0387,-242.8
NEARUSDT,2.5,1.0,0.44,58,0.2414,0.2221881662047918,-2.2473,-195.84
NEARUSDT,2.5,1.0,0.48,21,0.2381,0.15869492041577876,-5.1831,-112.84
NEARUSDT,2.5,1.0,0.52,11,0.2727,0.08841006639420984,-11.0842,-120.48
NEARUSDT,2.5,1.0,0.56,2,0.0,0.0,-21.7015,-26.56
NEARUSDT,3.0,1.0,0.36,23,0.3043,0.2190510740194847,-2.7657,-91.78
NEARUSDT,3.0,1.0,0.4,8,0.25,0.1017993869511722,-11.4722,-92.25
NEARUSDT,3.0,1.0,0.44,4,0.0,0.0,-3.6716,-17.64
NEARUSDT,3.0,1.0,0.48,1,0.0,0.0,-0.5735,-0.8
NEARUSDT,3.0,1.5,0.36,155,0.471,0.8424743906381783,-0.2498,-46.04
NEARUSDT,3.0,1.5,0.4,51,0.3922,0.2725318414983748,-3.6271,-201.37
NEARUSDT,3.0,1.5,0.44,16,0.5625,0.1557653523719483,-7.2619,-146.37
NEARUSDT,3.0,1.5,0.48,5,0.2,0.03767933556897873,-16.4015,-86.76
NEARUSDT,3.0,1.5,0.52,4,0.0,0.0,-16.4138,-94.06
NEARUSDT,3.0,1.5,0.56,3,0.0,0.0,-8.4447,-69.81
NEARUSDT,4.0,1.5,0.36,18,0.4444,0.5154624784464662,-1.7305,-40.44
NEARUSDT,4.0,1.5,0.4,6,0.3333,0.15313772124234806,-15.4646,-84.96
NEARUSDT,4.0,1.5,0.44,3,0.0,0.0,-4.7766,-17.26
NEARUSDT,4.0,1.5,0.48,1,0.0,0.0,-0.5735,-0.8
PAXGUSDT,1.5,1.0,0.36,2104,0.3227,0.2563056574084669,-1.228,-589.61
PAXGUSDT,1.5,1.0,0.4,2016,0.3175,0.2518790372884975,-1.2672,-572.21
PAXGUSDT,1.5,1.0,0.44,1476,0.3279,0.2299498082756108,-1.3244,-428.36
PAXGUSDT,1.5,1.0,0.48,1052,0.3184,0.17479785080784196,-1.4261,-338.68
PAXGUSDT,1.5,1.0,0.52,714,0.2983,0.1492579642745009,-1.5769,-248.13
PAXGUSDT,1.5,1.0,0.56,463,0.2959,0.1116886347504142,-1.8536,-191.15
PAXGUSDT,2.0,1.0,0.36,1354,0.3168,0.3142078058339245,-1.2824,-385.11
PAXGUSDT,2.0,1.0,0.4,943,0.3022,0.23430324830398308,-1.475,-314.0
PAXGUSDT,2.0,1.0,0.44,684,0.2807,0.19380586338154726,-1.588,-241.02
PAXGUSDT,2.0,1.0,0.48,466,0.2747,0.16005456579266258,-1.7994,-196.62
PAXGUSDT,2.0,1.0,0.52,287,0.2787,0.16153006376983672,-2.0447,-125.06
PAXGUSDT,2.0,1.0,0.56,162,0.2901,0.14728356229074396,-2.4527,-84.49
PAXGUSDT,2.0,1.5,0.36,1327,0.3753,0.3721062210221146,-1.2725,-362.28
PAXGUSDT,2.0,1.5,0.4,1268,0.377,0.3888379552188895,-1.2475,-332.63
PAXGUSDT,2.0,1.5,0.44,1057,0.3718,0.3215692642833238,-1.3676,-323.7
PAXGUSDT,2.0,1.5,0.48,797,0.3651,0.28061870254686205,-1.4645,-258.39
PAXGUSDT,2.0,1.5,0.52,569,0.355,0.21217771586055748,-1.6767,-216.04
PAXGUSDT,2.0,1.5,0.56,399,0.3383,0.1750956539549876,-1.8521,-171.5
PAXGUSDT,2.5,1.0,0.36,1176,0.29,0.3562984385845681,-1.2685,-334.97
PAXGUSDT,2.5,1.0,0.4,853,0.2931,0.273797311544356,-1.4538,-286.42
PAXGUSDT,2.5,1.0,0.44,611,0.27,0.24576017199318206,-1.5779,-210.58
PAXGUSDT,2.5,1.0,0.48,418,0.2488,0.18537762403151367,-1.8712,-186.6
PAXGUSDT,2.5,1.0,0.52,265,0.2604,0.19554524824957034,-2.1171,-120.02
PAXGUSDT,2.5,1.0,0.56,147,0.2653,0.174453481894937,-2.5744,-80.18
PAXGUSDT,3.0,1.0,0.36,425,0.2518,0.2680427045032746,-1.7544,-149.53
PAXGUSDT,3.0,1.0,0.4,276,0.2355,0.2242333199693348,-1.9776,-113.59
PAXGUSDT,3.0,1.0,0.44,162,0.2593,0.2672960313253239,-1.9858,-60.91
PAXGUSDT,3.0,1.0,0.48,83,0.253,0.17149267331814427,-2.5465,-48.45
PAXGUSDT,3.0,1.0,0.52,31,0.3548,0.20538559968250805,-2.9482,-17.41
PAXGUSDT,3.0,1.0,0.56,7,0.5714,0.8119897033121147,-0.1676,-0.26
PAXGUSDT,3.0,1.5,0.36,628,0.3392,0.38754450360811454,-1.4575,-196.55
PAXGUSDT,3.0,1.5,0.4,458,0.3079,0.3186373851462854,-1.7807,-169.4
PAXGUSDT,3.0,1.5,0.44,326,0.3374,0.34421908067858475,-1.6989,-110.7
PAXGUSDT,3.0,1.5,0.48,225,0.2933,0.2580063145109589,-2.0605,-93.85
PAXGUSDT,3.0,1.5,0.52,148,0.3176,0.2469435402139257,-2.5764,-74.93
PAXGUSDT,3.0,1.5,0.56,87,0.2874,0.17537487756072964,-3.0494,-56.47
PAXGUSDT,4.0,1.5,0.36,291,0.2749,0.3689226703062996,-1.8286,-105.01
PAXGUSDT,4.0,1.5,0.4,198,0.2828,0.31424372010091817,-2.2083,-87.54
PAXGUSDT,4.0,1.5,0.44,124,0.2903,0.3086166297439241,-2.7631,-65.77
PAXGUSDT,4.0,1.5,0.48,71,0.2394,0.17257585849757845,-3.6092,-56.13
PAXGUSDT,4.0,1.5,0.52,28,0.3929,0.3398015029124545,-2.9545,-15.3
PAXGUSDT,4.0,1.5,0.56,8,0.625,0.3064971777716397,-3.563,-5.07
PENDLEUSDT,1.5,1.0,0.36,2245,0.4196,0.7383603888294273,-0.1994,-667.55
PENDLEUSDT,1.5,1.0,0.4,2110,0.427,0.7506021024230114,-0.1896,-587.46
PENDLEUSDT,1.5,1.0,0.44,680,0.4279,0.5728559568247541,-0.398,-421.22
PENDLEUSDT,1.5,1.0,0.48,188,0.4149,0.38296741243670773,-0.841,-249.46
PENDLEUSDT,1.5,1.0,0.52,60,0.4167,0.24609865803397532,-1.874,-171.23
PENDLEUSDT,1.5,1.0,0.56,21,0.4762,0.1638335091336368,-1.5708,-87.29
PENDLEUSDT,2.0,1.0,0.36,747,0.4016,0.6636118283844585,-0.3112,-354.92
PENDLEUSDT,2.0,1.0,0.4,184,0.3859,0.379087094817266,-0.966,-282.61
PENDLEUSDT,2.0,1.0,0.44,57,0.386,0.3213374871012813,-1.4917,-140.03
PENDLEUSDT,2.0,1.0,0.48,25,0.56,0.7956835378083614,-0.286,-11.37
PENDLEUSDT,2.0,1.0,0.52,10,0.6,1.014182517601261,-0.8445,0.29
PENDLEUSDT,2.0,1.0,0.56,2,0.5,1.934028537879448,0.5399,2.95
PENDLEUSDT,2.0,1.5,0.36,1337,0.4233,0.7411773590411751,-0.2598,-529.27
PENDLEUSDT,2.0,1.5,0.4,1186,0.446,0.8011810528658918,-0.1888,-343.22
PENDLEUSDT,2.0,1.5,0.44,625,0.4512,0.6638303998059659,-0.3436,-330.45
PENDLEUSDT,2.0,1.5,0.48,166,0.4096,0.4183405942417458,-1.0389,-260.07
PENDLEUSDT,2.0,1.5,0.52,43,0.5116,0.43560576176301735,-1.2972,-90.93
PENDLEUSDT,2.0,1.5,0.56,13,0.6154,1.045703161942719,-0.4105,1.14
PENDLEUSDT,2.5,1.0,0.36,627,0.3604,0.6956443174582059,-0.3277,-296.55
PENDLEUSDT,2.5,1.0,0.4,168,0.3512,0.4193742779429512,-0.9969,-267.46
PENDLEUSDT,2.5,1.0,0.44,56,0.375,0.3444951938116252,-1.6496,-158.81
PENDLEUSDT,2.5,1.0,0.48,25,0.56,1.0259617286756553,-0.0263,1.44
PENDLEUSDT,2.5,1.0,0.52,10,0.6,1.3290553203572752,-0.5448,6.73
PENDLEUSDT,2.5,1.0,0.56,2,0.5,2.3741833913577706,0.7897,4.34
PENDLEUSDT,3.0,1.0,0.36,22,0.5,0.941879367078595,-1.5793,-3.02
PENDLEUSDT,3.0,1.0,0.4,6,0.6667,1.2179374988307576,0.5334,1.84
PENDLEUSDT,3.0,1.0,0.44,3,0.6667,17.195462453952214,0.849,3.77
PENDLEUSDT,3.0,1.5,0.36,168,0.381,0.39626531511123686,-1.1962,-298.15
PENDLEUSDT,3.0,1.5,0.4,41,0.6098,1.0327620109456606,-0.7581,3.0
PENDLEUSDT,3.0,1.5,0.44,15,0.5333,0.4275644934250614,-4.2121,-38.67
PENDLEUSDT,3.0,1.5,0.48,6,0.6667,0.1862797303649972,-4.9884,-34.09
PENDLEUSDT,3.0,1.5,0.52,1,0.0,0.0,-0.3421,-0.23
PENDLEUSDT,4.0,1.5,0.36,17,0.6471,1.6138949257831445,-1.1817,27.22
PENDLEUSDT,4.0,1.5,0.4,3,0.6667,0.7517663712084931,-1.5737,-2.98
PENDLEUSDT,4.0,1.5,0.44,1,0.0,0.0,-0.1456,-0.17
PEPEUSDT,1.5,1.0,0.36,1861,0.4143,0.7355419193127267,-0.197,-578.7
PEPEUSDT,1.5,1.0,0.4,1716,0.4114,0.7106485843608399,-0.2135,-591.22
PEPEUSDT,1.5,1.0,0.44,606,0.4373,0.6585483621790488,-0.2821,-296.97
PEPEUSDT,1.5,1.0,0.48,163,0.5031,0.5959507532436441,-0.4366,-135.96
PEPEUSDT,1.5,1.0,0.52,58,0.431,0.2990057476913135,-1.3648,-138.58
PEPEUSDT,1.5,1.0,0.56,30,0.3667,0.11740878673465611,-2.7045,-164.05
PEPEUSDT,2.0,1.0,0.36,661,0.3767,0.6182405943890571,-0.345,-407.73
PEPEUSDT,2.0,1.0,0.4,196,0.4745,0.603104702077838,-0.5043,-170.85
PEPEUSDT,2.0,1.0,0.44,64,0.5312,0.5929579807056429,-0.7049,-72.69
PEPEUSDT,2.0,1.0,0.48,27,0.3333,0.2125081277005879,-1.4978,-98.43
PEPEUSDT,2.0,1.0,0.52,8,0.375,0.16317398108928702,-2.602,-52.12
PEPEUSDT,2.0,1.0,0.56,3,0.6667,0.29038188733029463,-2.5887,-23.86
PEPEUSDT,2.0,1.5,0.36,1101,0.4432,0.790231231017971,-0.1898,-347.53
PEPEUSDT,2.0,1.5,0.4,972,0.4619,0.8438904655779943,-0.1426,-226.06
PEPEUSDT,2.0,1.5,0.44,522,0.4732,0.7603870420677377,-0.2494,-215.3
PEPEUSDT,2.0,1.5,0.48,153,0.5556,0.6515278819901968,-0.4476,-126.44
PEPEUSDT,2.0,1.5,0.52,49,0.5306,0.4027616629204875,-1.8429,-133.46
PEPEUSDT,2.0,1.5,0.56,22,0.4091,0.27170499206829396,-1.9291,-95.12
PEPEUSDT,2.5,1.0,0.36,580,0.3397,0.6372476824529608,-0.3393,-363.49
PEPEUSDT,2.5,1.0,0.4,175,0.4343,0.6392687496992876,-0.5371,-155.28
PEPEUSDT,2.5,1.0,0.44,57,0.5088,0.7282312835304338,-0.4863,-44.8
PEPEUSDT,2.5,1.0,0.48,27,0.2963,0.25329575284823846,-1.3298,-91.18
PEPEUSDT,2.5,1.0,0.52,8,0.5,0.22614213508750103,-2.3281,-47.7
PEPEUSDT,2.5,1.0,0.56,3,0.6667,0.36063416798003717,-2.2557,-21.5
PEPEUSDT,3.0,1.0,0.36,19,0.2632,0.21522635959896283,-3.3341,-103.53
PEPEUSDT,3.0,1.0,0.4,6,0.8333,0.4436806456847289,-1.7099,-23.8
PEPEUSDT,3.0,1.0,0.44,3,1.0,,1.7094,8.84
PEPEUSDT,3.0,1.0,0.48,0,0.0,,0.0,0.0
PEPEUSDT,3.0,1.5,0.36,132,0.4621,0.7663513790928078,-0.4544,-76.58
PEPEUSDT,3.0,1.5,0.4,53,0.4528,0.49732164335940937,-0.9789,-107.51
PEPEUSDT,3.0,1.5,0.44,19,0.4737,0.23119977869621744,-3.6886,-142.68
PEPEUSDT,3.0,1.5,0.48,5,0.4,0.07204647717771837,-14.0981,-116.3
PEPEUSDT,3.0,1.5,0.52,3,0.6667,0.11516854344853378,-7.0463,-37.85
PEPEUSDT,3.0,1.5,0.56,1,1.0,,0.2575,0.69
PEPEUSDT,4.0,1.5,0.36,17,0.4706,0.29566413667789126,-3.1012,-114.02
PEPEUSDT,4.0,1.5,0.4,4,0.5,0.10038588120356431,-7.9223,-76.94
PEPEUSDT,4.0,1.5,0.44,2,0.0,0.0,-11.0624,-58.43
PEPEUSDT,4.0,1.5,0.48,0,0.0,,0.0,0.0
PROMUSDT,1.5,1.0,0.36,1996,0.3943,0.6879364329175592,-0.2764,-820.04
PROMUSDT,1.5,1.0,0.4,1818,0.3889,0.6444955670008998,-0.2913,-879.06
PROMUSDT,1.5,1.0,0.44,719,0.3713,0.4986665563645697,-0.5926,-726.42
PROMUSDT,1.5,1.0,0.48,303,0.3696,0.38748865510278097,-1.0351,-531.27
PROMUSDT,1.5,1.0,0.52,118,0.3644,0.2611548714410254,-2.0123,-419.22
PROMUSDT,1.5,1.0,0.56,57,0.4737,0.42263533201128156,-1.8254,-140.79
PROMUSDT,2.0,1.0,0.36,777,0.3591,0.6430806336545933,-0.3945,-487.18
PROMUSDT,2.0,1.0,0.4,288,0.3542,0.4194221890971242,-0.8085,-459.64
PROMUSDT,2.0,1.0,0.44,119,0.3277,0.3076572913715848,-2.1145,-370.17
PROMUSDT,2.0,1.0,0.48,55,0.2909,0.2382881241259032,-2.3957,-257.29
PROMUSDT,2.0,1.0,0.52,92,,,,
PROMUSDT,2.0,1.0,0.56,6,0.3333,0.2844007295844212,-1.6949,-51.6
PROMUSDT,2.0,1.5,0.36,1215,0.4107,0.728609464443418,-0.3301,-569.96
PROMUSDT,2.0,1.5,0.4,1088,0.432,0.7869082679751513,-0.2728,-390.73
PROMUSDT,2.0,1.5,0.44,617,0.436,0.6948183632888548,-0.3865,-366.31
PROMUSDT,2.0,1.5,0.48,246,0.4146,0.4954190950835525,-0.9516,-367.07
PROMUSDT,2.0,1.5,0.52,101,0.3861,0.359974437229011,-1.8458,-306.58
PROMUSDT,2.0,1.5,0.56,46,0.2609,0.15420573330978585,-5.6086,-444.24
PROMUSDT,2.5,1.0,0.36,665,0.3308,0.6712010143212308,-0.4069,-420.85
PROMUSDT,2.5,1.0,0.4,261,0.3103,0.456948165189403,-0.892,-423.23
PROMUSDT,2.5,1.0,0.44,114,0.2982,0.36402164660471864,-1.6736,-323.61
PROMUSDT,2.5,1.0,0.48,48,0.3333,0.2830821909478018,-1.4109,-218.21
PROMUSDT,2.5,1.0,0.52,92,,,,
PROMUSDT,2.5,1.0,0.56,6,0.3333,0.38710546527512835,-1.5284,-44.19
PROMUSDT,3.0,1.0,0.36,45,0.2,0.17151484736326064,-2.4412,-237.48
PROMUSDT,3.0,1.0,0.4,17,0.4706,0.28805110976354287,-0.7456,-86.15
PROMUSDT,3.0,1.0,0.44,6,0.3333,0.06051893357557553,-2.7571,-47.63
PROMUSDT,3.0,1.0,0.48,0,0.0,,0.0,0.0
PROMUSDT,3.0,1.0,0.52,0,0.0,,0.0,0.0
PROMUSDT,3.0,1.5,0.36,213,0.3474,0.49777839813726754,-1.2017,-341.74
PROMUSDT,3.0,1.5,0.4,90,0.3,0.26443752671372467,-2.7202,-331.79
PROMUSDT,3.0,1.5,0.44,39,0.3077,0.141800436920822,-4.5382,-293.14
PROMUSDT,3.0,1.5,0.48,74,,,,
PROMUSDT,3.0,1.5,0.52,5,0.6,0.04778055887611645,-27.2894,-119.06
PROMUSDT,3.0,1.5,0.56,0,0.0,,0.0,0.0
PROMUSDT,4.0,1.5,0.36,36,0.25,0.15565952584975076,-4.2399,-326.52
PROMUSDT,4.0,1.5,0.4,13,0.5385,0.44180891150360374,-1.5105,-61.41
PROMUSDT,4.0,1.5,0.44,16,,,,
PROMUSDT,4.0,1.5,0.48,0,0.0,,0.0,0.0
PROMUSDT,4.0,1.5,0.52,0,0.0,,0.0,0.0
SOLUSDT,1.5,1.0,0.36,2074,0.4147,0.6689474608047553,-0.2795,-568.37
SOLUSDT,1.5,1.0,0.4,1906,0.4239,0.6840178884883779,-0.2651,-491.44
SOLUSDT,1.5,1.0,0.44,699,0.4535,0.5806828707393653,-0.3805,-277.25
SOLUSDT,1.5,1.0,0.48,223,0.4619,0.4883088391746486,-0.6552,-138.46
SOLUSDT,1.5,1.0,0.52,75,0.4133,0.22943348130386865,-2.0909,-147.87
SOLUSDT,1.5,1.0,0.56,18,0.5556,0.24580358635732247,-1.9943,-38.08
SOLUSDT,2.0,1.0,0.36,866,0.4042,0.6822139351196392,-0.2989,-262.3
SOLUSDT,2.0,1.0,0.4,257,0.4163,0.46822113037747565,-0.6285,-181.74
SOLUSDT,2.0,1.0,0.44,83,0.4217,0.41723001212172806,-1.1686,-84.74
SOLUSDT,2.0,1.0,0.48,20,0.5,0.24169543323685322,-3.7645,-64.33
SOLUSDT,2.0,1.0,0.52,6,0.5,0.868751587867879,-0.215,-0.77
SOLUSDT,2.0,1.0,0.56,0,0.0,,0.0,0.0
SOLUSDT,2.0,1.5,0.36,1258,0.4491,0.7695211520996895,-0.2284,-306.55
SOLUSDT,2.0,1.5,0.4,1193,0.4434,0.7374454884309355,-0.2667,-336.7
SOLUSDT,2.0,1.5,0.44,748,0.4853,0.75384750190929,-0.2267,-192.32
SOLUSDT,2.0,1.5,0.48,249,0.5502,0.6907182288789321,-0.2993,-92.89
SOLUSDT,2.0,1.5,0.52,73,0.4658,0.45225359456981634,-1.0831,-70.0
SOLUSDT,2.0,1.5,0.56,20,0.5,0.2542322776061679,-2.4766,-44.99
SOLUSDT,2.5,1.0,0.36,740,0.3689,0.7267437519715668,-0.27,-211.58
SOLUSDT,2.5,1.0,0.4,234,0.3846,0.5218607585735947,-0.6128,-162.81
SOLUSDT,2.5,1.0,0.44,75,0.4267,0.44692644403412807,-1.3575,-91.09
SOLUSDT,2.5,1.0,0.48,20,0.45,0.29081763788095727,-3.92,-62.75
SOLUSDT,2.5,1.0,0.52,6,0.5,1.1271169165340822,0.0347,0.74
SOLUSDT,2.5,1.0,0.56,0,0.0,,0.0,0.0
SOLUSDT,3.0,1.0,0.36,24,0.5417,0.46730825816171123,-2.3948,-35.83
SOLUSDT,3.0,1.0,0.4,9,0.7778,0.4327863469933016,-3.1921,-27.45
SOLUSDT,3.0,1.0,0.44,3,0.6667,0.17790303203644148,-10.321,-25.15
SOLUSDT,3.0,1.0,0.48,1,1.0,,2.811,3.78
SOLUSDT,3.0,1.5,0.36,245,0.4367,0.7814662337157305,-0.3143,-70.89
SOLUSDT,3.0,1.5,0.4,87,0.5402,0.79636724655589,-0.2747,-25.9
SOLUSDT,3.0,1.5,0.44,27,0.5926,0.3069623293847295,-3.5416,-84.77
SOLUSDT,3.0,1.5,0.48,8,0.75,0.704518599890436,0.312,-5.75
SOLUSDT,3.0,1.5,0.52,3,1.0,,1.9632,6.01
SOLUSDT,3.0,1.5,0.56,1,1.0,,1.5513,2.26
SOLUSDT,4.0,1.5,0.36,22,0.5909,0.6841091380697275,-1.6358,-19.03
SOLUSDT,4.0,1.5,0.4,7,0.7143,0.32531918470097193,-4.1954,-32.65
SOLUSDT,4.0,1.5,0.44,3,1.0,,2.7306,8.39
SOLUSDT,4.0,1.5,0.48,1,1.0,,3.81,5.12
SUIUSDT,1.5,1.0,0.36,2094,0.4107,0.70261585823913,-0.2352,-608.44
SUIUSDT,1.5,1.0,0.4,1952,0.4134,0.6983045778357563,-0.2364,-569.11
SUIUSDT,1.5,1.0,0.44,682,0.4516,0.6249033616886277,-0.3556,-302.28
SUIUSDT,1.5,1.0,0.48,210,0.4714,0.47989414418812,-0.657,-180.01
SUIUSDT,1.5,1.0,0.52,68,0.5,0.49159093113848573,-1.2113,-68.59
SUIUSDT,1.5,1.0,0.56,21,0.6667,0.31852643738234443,-6.7554,-78.58
SUIUSDT,2.0,1.0,0.36,826,0.414,0.759395547081563,-0.2457,-231.66
SUIUSDT,2.0,1.0,0.4,245,0.4245,0.5447689837227957,-0.5794,-182.37
SUIUSDT,2.0,1.0,0.44,70,0.5,0.5010901968994209,-1.4811,-85.36
SUIUSDT,2.0,1.0,0.48,20,0.5,0.34414678575520824,-5.2055,-64.61
SUIUSDT,2.0,1.0,0.52,5,0.4,1.6897986316419984,-0.5688,7.03
SUIUSDT,2.0,1.0,0.56,2,0.5,3.7593139304154826,0.3786,2.07
SUIUSDT,2.0,1.5,0.36,1230,0.4504,0.8070108478805574,-0.1976,-291.9
SUIUSDT,2.0,1.5,0.4,1141,0.4557,0.8373303372282688,-0.1821,-224.42
SUIUSDT,2.0,1.5,0.44,681,0.4772,0.787639824252643,-0.2319,-180.55
SUIUSDT,2.0,1.5,0.48,221,0.4887,0.5556799591913753,-0.4966,-166.36
SUIUSDT,2.0,1.5,0.52,60,0.6,0.5040170922823736,-1.3476,-86.68
SUIUSDT,2.0,1.5,0.56,15,0.7333,0.4734354179996459,-5.6382,-35.47
SUIUSDT,2.5,1.0,0.36,708,0.3686,0.7867188895002644,-0.2372,-187.77
SUIUSDT,2.5,1.0,0.4,227,0.4097,0.6016215524835686,-0.5588,-162.12
SUIUSDT,2.5,1.0,0.44,63,0.5079,0.6177771808778395,-1.4654,-64.71
SUIUSDT,2.5,1.0,0.48,19,0.4737,0.40978540805175767,-5.354,-58.14
SUIUSDT,2.5,1.0,0.52,5,0.4,2.1243183213087207,-0.369,11.46
SUIUSDT,2.5,1.0,0.56,2,0.5,4.783521062273203,0.6284,2.84
SUIUSDT,3.0,1.0,0.36,22,0.4545,0.8970215452747741,-0.5681,-4.82
SUIUSDT,3.0,1.0,0.4,10,0.3,0.09245706680159205,-8.7889,-92.36
SUIUSDT,3.0,1.0,0.44,3,0.3333,0.4533707953447521,-1.3823,-5.36
SUIUSDT,3.0,1.0,0.48,1,1.0,,2.8324,4.35
SUIUSDT,3.0,1.5,0.36,199,0.4925,0.8660367750815219,-0.2233,-45.02
SUIUSDT,3.0,1.5,0.4,81,0.4815,0.6427080897456194,-0.8589,-66.77
SUIUSDT,3.0,1.5,0.44,19,0.4211,0.19904591458766416,-3.1125,-97.76
SUIUSDT,3.0,1.5,0.48,10,0.5,0.12565268094869042,-8.8082,-92.73
SUIUSDT,3.0,1.5,0.52,2,0.0,0.0,-1.8319,-5.15
SUIUSDT,3.0,1.5,0.56,1,1.0,,2.8324,4.35
SUIUSDT,4.0,1.5,0.36,16,0.5625,0.5799500193000744,-1.0377,-29.35
SUIUSDT,4.0,1.5,0.4,9,0.5556,0.1800792488795169,-8.3761,-80.19
SUIUSDT,4.0,1.5,0.44,2,0.5,6.099711366440559,1.2238,4.92
SUIUSDT,4.0,1.5,0.48,1,1.0,,3.8314,5.89
TAOUSDT,1.5,1.0,0.36,2092,0.3987,0.6962118346534732,-0.2463,-736.43
TAOUSDT,1.5,1.0,0.4,1911,0.3914,0.6643926774539706,-0.2746,-757.9
TAOUSDT,1.5,1.0,0.44,667,0.4093,0.5551168253852984,-0.4434,-457.18
TAOUSDT,1.5,1.0,0.48,165,0.4667,0.4452908432440367,-0.8185,-209.52
TAOUSDT,1.5,1.0,0.52,56,0.5357,0.39997738915163367,-1.0637,-111.68
TAOUSDT,1.5,1.0,0.56,17,0.4706,0.2760688620630851,-1.494,-43.46
TAOUSDT,2.0,1.0,0.36,762,0.3727,0.6288080760669885,-0.3615,-421.2
TAOUSDT,2.0,1.0,0.4,176,0.4148,0.5139398506549843,-0.67,-183.1
TAOUSDT,2.0,1.0,0.44,55,0.4727,0.25961564893082606,-1.5221,-169.0
TAOUSDT,2.0,1.0,0.48,16,0.5,0.33679791401507647,-3.8443,-52.06
TAOUSDT,2.0,1.0,0.52,6,0.5,0.16901777081547115,-7.8191,-36.38
TAOUSDT,2.0,1.0,0.56,3,0.3333,0.004547126045483437,-1.6725,-14.32
TAOUSDT,2.0,1.5,0.36,1217,0.4256,0.7517650504882222,-0.2645,-448.87
TAOUSDT,2.0,1.5,0.4,1092,0.4286,0.7571608719777801,-0.2587,-392.75
TAOUSDT,2.0,1.5,0.44,641,0.4509,0.6981534671872011,-0.3129,-302.66
TAOUSDT,2.0,1.5,0.48,167,0.4611,0.49515059093711056,-0.5774,-179.57
TAOUSDT,2.0,1.5,0.52,46,0.4783,0.24970243961274172,-2.2662,-185.32
TAOUSDT,2.0,1.5,0.56,11,0.4545,0.3484258621231913,-4.2677,-33.01
TAOUSDT,2.5,1.0,0.36,656,0.3582,0.7006286521663745,-0.3385,-319.4
TAOUSDT,2.5,1.0,0.4,168,0.3929,0.6536368864286257,-0.5376,-121.67
TAOUSDT,2.5,1.0,0.44,52,0.5,0.44697925186848003,-0.7145,-96.74
TAOUSDT,2.5,1.0,0.48,16,0.5,0.436898528564695,-3.5945,-44.2
TAOUSDT,2.5,1.0,0.52,6,0.5,0.20656999164826242,-7.6526,-34.74
TAOUSDT,2.5,1.0,0.56,3,0.3333,0.004547126045483437,-1.6725,-14.32
TAOUSDT,3.0,1.0,0.36,16,0.5,0.5207791124652574,-1.3931,-22.65
TAOUSDT,3.0,1.0,0.4,3,0.0,0.0,-16.0143,-34.13
TAOUSDT,3.0,1.0,0.44,2,0.0,0.0,-0.9014,-1.25
TAOUSDT,3.0,1.0,0.48,1,1.0,,0.1205,0.08
TAOUSDT,3.0,1.5,0.36,158,0.4304,0.7681369209180494,-0.2756,-67.31
TAOUSDT,3.0,1.5,0.4,53,0.566,0.44330851475733724,-1.232,-107.15
TAOUSDT,3.0,1.5,0.44,19,0.4737,0.3556259060536578,-1.929,-49.31
TAOUSDT,3.0,1.5,0.48,2,0.0,0.0,-17.909,-24.13
TAOUSDT,3.0,1.5,0.52,2,0.5,0.24032168756480426,-0.7841,-1.06
TAOUSDT,3.0,1.5,0.56,0,0.0,,0.0,0.0
TAOUSDT,4.0,1.5,0.36,14,0.5714,0.7209748941213829,-1.0323,-12.94
TAOUSDT,4.0,1.5,0.4,2,0.0,0.0,-24.4005,-32.47
TAOUSDT,4.0,1.5,0.44,2,0.5,0.2575408556982224,-0.7242,-0.97
TAOUSDT,4.0,1.5,0.48,0,0.0,,0.0,0.0
TRXUSDT,1.5,1.0,0.36,2132,0.3996,0.3135731057058358,-0.8655,-589.98
TRXUSDT,1.5,1.0,0.4,2003,0.3989,0.3092398078061109,-0.8728,-558.34
TRXUSDT,1.5,1.0,0.44,1446,0.3914,0.27190684352010164,-0.9782,-429.2
TRXUSDT,1.5,1.0,0.48,965,0.3824,0.22300686541963458,-1.1124,-307.79
TRXUSDT,1.5,1.0,0.52,629,0.3657,0.16727284527569816,-1.3717,-242.64
TRXUSDT,1.5,1.0,0.56,386,0.3472,0.12229039803259627,-1.5941,-172.03
TRXUSDT,2.0,1.0,0.36,1334,0.3643,0.36039067962888943,-0.9133,-379.52
TRXUSDT,2.0,1.0,0.4,912,0.3509,0.30686698004133706,-1.087,-288.99
TRXUSDT,2.0,1.0,0.44,589,0.3531,0.254963827771608,-1.3419,-222.53
TRXUSDT,2.0,1.0,0.48,380,0.3474,0.19287400705490548,-1.5901,-170.51
TRXUSDT,2.0,1.0,0.52,228,0.3333,0.1787990271641856,-1.797,-111.02
TRXUSDT,2.0,1.0,0.56,131,0.3588,0.16587736540735099,-2.0011,-71.25
TRXUSDT,2.0,1.5,0.36,1331,0.4478,0.44798546326517585,-0.8233,-349.66
TRXUSDT,2.0,1.5,0.4,1275,0.4353,0.4154932125788164,-0.8862,-364.81
TRXUSDT,2.0,1.5,0.44,1041,0.4294,0.3811948408232896,-0.9593,-312.14
TRXUSDT,2.0,1.5,0.48,781,0.4289,0.34042625921649283,-1.1274,-264.42
TRXUSDT,2.0,1.5,0.52,530,0.3962,0.2557344634252595,-1.3852,-211.02
TRXUSDT,2.0,1.5,0.56,322,0.3882,0.1861443334840132,-1.8869,-170.76
TRXUSDT,2.5,1.0,0.36,1153,0.3252,0.4125333135381588,-0.91,-320.52
TRXUSDT,2.5,1.0,0.4,793,0.3203,0.34896347164267166,-1.0954,-258.24
TRXUSDT,2.5,1.0,0.44,516,0.3198,0.30064861495425493,-1.3565,-199.14
TRXUSDT,2.5,1.0,0.48,325,0.3077,0.21233576332046908,-1.7554,-161.1
TRXUSDT,2.5,1.0,0.52,199,0.3166,0.20869508777471332,-1.8688,-101.84
TRXUSDT,2.5,1.0,0.56,121,0.3471,0.20099472562493684,-2.0831,-68.05
TRXUSDT,3.0,1.0,0.36,300,0.2833,0.26556427539687305,-1.5916,-132.06
TRXUSDT,3.0,1.0,0.4,187,0.2995,0.24802180189285714,-1.9029,-95.55
TRXUSDT,3.0,1.0,0.44,107,0.3271,0.21537774991329545,-2.1845,-67.07
TRXUSDT,3.0,1.0,0.48,56,0.3393,0.1637734583250517,-3.5323,-51.7
TRXUSDT,3.0,1.0,0.52,25,0.48,0.2983109870964153,-1.957,-13.6
TRXUSDT,3.0,1.0,0.56,6,0.1667,0.0608203615052175,-4.6473,-7.52
TRXUSDT,3.0,1.5,0.36,562,0.3363,0.3743424432040978,-1.2869,-217.48
TRXUSDT,3.0,1.5,0.4,367,0.3515,0.29922224750813614,-1.6547,-176.1
TRXUSDT,3.0,1.5,0.44,234,0.3291,0.28535860310215677,-1.8355,-117.79
TRXUSDT,3.0,1.5,0.48,152,0.3553,0.2554528214337907,-2.1981,-91.65
TRXUSDT,3.0,1.5,0.52,92,0.3913,0.255059059699621,-2.1588,-58.47
TRXUSDT,3.0,1.5,0.56,60,0.3667,0.14921470141282336,-3.8302,-65.67
TRXUSDT,4.0,1.5,0.36,221,0.3077,0.29514305346339886,-1.8951,-117.52
TRXUSDT,4.0,1.5,0.4,137,0.3212,0.29649111563632047,-2.1435,-83.03
TRXUSDT,4.0,1.5,0.44,79,0.3291,0.26551715385662433,-2.4266,-56.35
TRXUSDT,4.0,1.5,0.48,50,0.4,0.23955876778892493,-3.4539,-46.67
TRXUSDT,4.0,1.5,0.52,20,0.5,0.500824400149581,-1.4983,-8.18
TRXUSDT,4.0,1.5,0.56,7,0.4286,0.13298585183672618,-4.5257,-9.52
UNIUSDT,1.5,1.0,0.36,2049,0.4158,0.724063096737709,-0.2249,-594.99
UNIUSDT,1.5,1.0,0.4,1924,0.409,0.6897336174465977,-0.2543,-642.93
UNIUSDT,1.5,1.0,0.44,669,0.4365,0.5652409643981507,-0.3933,-383.48
UNIUSDT,1.5,1.0,0.48,188,0.4202,0.3079833624578262,-1.098,-335.0
UNIUSDT,1.5,1.0,0.52,62,0.3871,0.19584020009744693,-3.08,-245.21
UNIUSDT,1.5,1.0,0.56,19,0.5263,0.11362422803465849,-4.2969,-125.24
UNIUSDT,2.0,1.0,0.36,808,0.3861,0.6625945454492231,-0.3099,-353.76
UNIUSDT,2.0,1.0,0.4,213,0.3991,0.3910651156401873,-1.0133,-306.8
UNIUSDT,2.0,1.0,0.44,64,0.5,0.4298833248042137,-1.0768,-108.18
UNIUSDT,2.0,1.0,0.48,17,0.6471,0.30502660250897035,-2.1519,-74.29
UNIUSDT,2.0,1.0,0.52,8,0.5,0.5723674035150595,-0.1088,-7.86
UNIUSDT,2.0,1.0,0.56,3,0.6667,0.43033118898721784,0.186,-6.34
UNIUSDT,2.0,1.5,0.36,1257,0.428,0.7419678817883538,-0.2587,-448.8
UNIUSDT,2.0,1.5,0.4,1164,0.4338,0.7454203021990549,-0.2665,-409.3
UNIUSDT,2.0,1.5,0.44,674,0.4644,0.6798916194074467,-0.3236,-325.17
UNIUSDT,2.0,1.5,0.48,227,0.511,0.4982076160214661,-0.6677,-248.45
UNIUSDT,2.0,1.5,0.52,47,0.5319,0.30097943045944664,-1.87,-139.2
UNIUSDT,2.0,1.5,0.56,12,0.5,0.1922859295439224,-3.0364,-62.28
UNIUSDT,2.5,1.0,0.36,692,0.3497,0.6973418993881939,-0.3047,-289.8
UNIUSDT,2.5,1.0,0.4,203,0.3744,0.4191300613637469,-1.0006,-301.67
UNIUSDT,2.5,1.0,0.44,58,0.4828,0.379357592109661,-1.4001,-140.92
UNIUSDT,2.5,1.0,0.48,16,0.625,0.3656279227159518,-2.1084,-67.81
UNIUSDT,2.5,1.0,0.52,8,0.5,0.723261016679083,0.1409,-5.09
UNIUSDT,2.5,1.0,0.56,3,0.6667,0.5405850862439223,0.3525,-5.11
UNIUSDT,3.0,1.0,0.36,21,0.381,0.15338960508242117,-5.1973,-163.94
UNIUSDT,3.0,1.0,0.4,7,0.2857,0.19832425204002987,-1.8284,-27.22
UNIUSDT,3.0,1.0,0.44,4,0.5,1.0075085712813918,-0.0767,0.02
UNIUSDT,3.0,1.0,0.48,1,0.0,0.0,-7.4558,-5.61
UNIUSDT,3.0,1.0,0.52,0,0.0,,0.0,0.0
UNIUSDT,3.0,1.0,0.56,0,0.0,,0.0,0.0
UNIUSDT,3.0,1.5,0.36,178,0.5112,0.970710261698558,-0.0821,-8.98
UNIUSDT,3.0,1.5,0.4,72,0.5139,0.5397898378722117,-0.9787,-101.62
UNIUSDT,3.0,1.5,0.44,23,0.4783,0.2505036576803562,-3.3808,-130.52
UNIUSDT,3.0,1.5,0.48,6,0.6667,0.41203488638631575,0.0462,-15.95
UNIUSDT,3.0,1.5,0.52,3,0.6667,1.691229656432357,0.3617,1.18
UNIUSDT,3.0,1.5,0.56,2,0.5,0.14524245998146978,-3.2865,-4.85
UNIUSDT,4.0,1.5,0.36,21,0.381,0.23911893536314843,-4.5683,-140.32
UNIUSDT,4.0,1.5,0.4,6,0.5,0.37794692737541047,-1.071,-19.96
UNIUSDT,4.0,1.5,0.44,3,0.6667,1.9054054686432673,0.5604,1.78
UNIUSDT,4.0,1.5,0.48,1,0.0,0.0,-7.4558,-5.61
UNIUSDT,4.0,1.5,0.52,0,0.0,,0.0,0.0
UNIUSDT,4.0,1.5,0.56,0,0.0,,0.0,0.0
WLDUSDT,1.5,1.0,0.36,2071,0.422,0.8119208115457367,-0.1651,-474.91
WLDUSDT,1.5,1.0,0.4,1918,0.4223,0.7803813012346222,-0.1823,-521.96
WLDUSDT,1.5,1.0,0.44,680,0.4162,0.5962963820732692,-0.357,-466.31
WLDUSDT,1.5,1.0,0.48,217,0.4516,0.49345724254768514,-0.6955,-274.16
WLDUSDT,1.5,1.0,0.52,88,0.4659,0.42905126440314006,-1.4699,-203.61
WLDUSDT,1.5,1.0,0.56,36,0.6111,0.7354141693875019,-0.6911,-31.96
WLDUSDT,2.0,1.0,0.36,764,0.3809,0.6831136736770197,-0.3024,-393.29
WLDUSDT,2.0,1.0,0.4,226,0.4159,0.6221634248426449,-0.4258,-187.73
WLDUSDT,2.0,1.0,0.44,85,0.4353,0.42313326436056864,-1.2698,-192.87
WLDUSDT,2.0,1.0,0.48,39,0.5385,0.3749923494369464,-1.873,-145.39
WLDUSDT,2.0,1.0,0.52,17,0.4118,0.22552560619969905,-3.3706,-133.14
WLDUSDT,2.0,1.0,0.56,9,0.5556,0.2474521893909925,-4.236,-80.76
WLDUSDT,2.0,1.5,0.36,1205,0.4373,0.8447235783886248,-0.197,-301.07
WLDUSDT,2.0,1.5,0.4,1093,0.4666,0.9170435417526202,-0.1216,-142.11
WLDUSDT,2.0,1.5,0.44,589,0.4703,0.8068341834931264,-0.2451,-199.89
WLDUSDT,2.0,1.5,0.48,195,0.4974,0.5511071247942562,-0.6848,-242.61
WLDUSDT,2.0,1.5,0.52,66,0.5606,0.5129253103848364,-0.9482,-129.49
WLDUSDT,2.0,1.5,0.56,29,0.5172,0.252288707269035,-3.8616,-181.56
WLDUSDT,2.5,1.0,0.36,660,0.35,0.71420300674919,-0.3071,-333.71
WLDUSDT,2.5,1.0,0.4,204,0.4167,0.679891871816677,-0.3896,-159.19
WLDUSDT,2.5,1.0,0.44,80,0.4125,0.4888573615104806,-1.2638,-170.59
WLDUSDT,2.5,1.0,0.48,35,0.5143,0.5204181309771141,-1.5221,-94.99
WLDUSDT,2.5,1.0,0.52,17,0.4118,0.2859598787660341,-3.165,-122.75
WLDUSDT,2.5,1.0,0.56,9,0.5556,0.31406884251879513,-3.9585,-73.62
WLDUSDT,3.0,1.0,0.36,36,0.6111,0.9017981302888408,-0.9612,-13.59
WLDUSDT,3.0,1.0,0.4,15,0.7333,1.7584403200582703,1.0257,24.77
WLDUSDT,3.0,1.0,0.44,8,0.5,0.24479710848577588,-4.3858,-73.96
WLDUSDT,3.0,1.0,0.48,4,0.5,0.15473707228822267,-2.7669,-43.33
WLDUSDT,3.0,1.0,0.52,1,0.0,0.0,-23.2366,-71.34
WLDUSDT,3.0,1.0,0.56,0,0.0,,0.0,0.0
WLDUSDT,3.0,1.5,0.36,176,0.4943,0.8713279307676627,-0.2048,-56.25
WLDUSDT,3.0,1.5,0.4,73,0.5479,0.5668384857162403,-0.9979,-134.84
WLDUSDT,3.0,1.5,0.44,35,0.6286,0.844924514758297,-0.8321,-20.76
WLDUSDT,3.0,1.5,0.48,16,0.6875,0.41625130165291385,-2.8815,-79.49
WLDUSDT,3.0,1.5,0.52,9,0.5556,0.2443605527103093,-5.6607,-94.51
WLDUSDT,3.0,1.5,0.56,3,0.0,0.0,-12.4438,-117.81
WLDUSDT,4.0,1.5,0.36,25,0.6,0.7911314093514488,-1.0534,-27.85
WLDUSDT,4.0,1.5,0.4,12,0.5833,0.404606456852864,-1.2569,-67.8
WLDUSDT,4.0,1.5,0.44,6,0.5,0.11012202491850683,-8.6945,-132.54
WLDUSDT,4.0,1.5,0.48,2,0.5,0.0037902704371673536,-8.0327,-51.03
WLDUSDT,4.0,1.5,0.52,1,0.0,0.0,-23.2366,-71.34
WLDUSDT,4.0,1.5,0.56,0,0.0,,0.0,0.0
XLMUSDT,1.5,1.0,0.36,2047,0.406,0.6602053580132617,-0.2944,-637.72
XLMUSDT,1.5,1.0,0.4,1896,0.4146,0.6879520984114449,-0.2819,-536.99
XLMUSDT,1.5,1.0,0.44,681,0.4332,0.5883341742269125,-0.4103,-298.55
XLMUSDT,1.5,1.0,0.48,192,0.474,0.6001453454160259,-0.4416,-95.38
XLMUSDT,1.5,1.0,0.52,58,0.3966,0.19227806849978704,-1.5764,-130.63
XLMUSDT,1.5,1.0,0.56,11,0.3636,0.15907451230467445,-7.3175,-51.88
XLMUSDT,2.0,1.0,0.36,838,0.395,0.7168342073444338,-0.2996,-250.07
XLMUSDT,2.0,1.0,0.4,232,0.4828,0.6967999187661249,-0.4323,-97.16
XLMUSDT,2.0,1.0,0.44,69,0.4058,0.2932080190539846,-1.2469,-117.88
XLMUSDT,2.0,1.0,0.48,12,0.3333,0.26623047700712205,-3.0547,-32.94
XLMUSDT,2.0,1.0,0.52,1,1.0,,1.8553,1.17
XLMUSDT,2.0,1.5,0.36,1242,0.43,0.7327139006260874,-0.2936,-382.83
XLMUSDT,2.0,1.5,0.4,1161,0.4479,0.7874668581492272,-0.2493,-274.83
XLMUSDT,2.0,1.5,0.44,718,0.4875,0.8286524572115173,-0.2122,-142.94
XLMUSDT,2.0,1.5,0.48,229,0.559,0.7547510923935654,-0.4185,-83.12
XLMUSDT,2.0,1.5,0.52,59,0.5932,0.611727227387338,-0.6139,-41.15
XLMUSDT,2.0,1.5,0.56,14,0.3571,0.0953410451480895,-4.2643,-59.15
XLMUSDT,2.5,1.0,0.36,733,0.3533,0.727501662948503,-0.3136,-234.2
XLMUSDT,2.5,1.0,0.4,212,0.4528,0.7922967810221715,-0.2912,-64.84
XLMUSDT,2.5,1.0,0.44,64,0.3906,0.3693305548586823,-1.1393,-96.57
XLMUSDT,2.5,1.0,0.48,13,0.3846,0.33654026094265743,-2.6619,-29.78
XLMUSDT,2.5,1.0,0.52,1,1.0,,2.3548,1.48
XLMUSDT,3.0,1.0,0.36,22,0.4545,0.13126577603593642,-5.5541,-126.88
XLMUSDT,3.0,1.0,0.4,3,0.0,0.0,-51.5261,-116.31
XLMUSDT,3.0,1.0,0.44,0,0.0,,0.0,0.0
XLMUSDT,3.0,1.5,0.36,218,0.4679,0.7637343368136628,-0.4667,-88.99
XLMUSDT,3.0,1.5,0.4,82,0.5732,0.987060338647671,-0.4049,-1.87
XLMUSDT,3.0,1.5,0.44,22,0.6364,0.4188348912239481,-1.3828,-44.48
XLMUSDT,3.0,1.5,0.48,6,0.3333,0.022078297541222366,-24.5338,-153.41
XLMUSDT,3.0,1.5,0.52,2,0.5,0.0022522133541660987,-64.5414,-88.49
XLMUSDT,4.0,1.5,0.36,15,0.6,0.3726564700254017,-1.2206,-40.09
XLMUSDT,4.0,1.5,0.4,4,0.25,0.021573687455117667,-37.576,-113.8
XLMUSDT,4.0,1.5,0.44,0,0.0,,0.0,0.0
XRPUSDT,1.5,1.0,0.36,2087,0.4159,0.6321164527154312,-0.3171,-590.87
XRPUSDT,1.5,1.0,0.4,1963,0.4167,0.6196503921439778,-0.3232,-574.66
XRPUSDT,1.5,1.0,0.44,754,0.439,0.5070024091751233,-0.4539,-332.93
XRPUSDT,1.5,1.0,0.48,278,0.4496,0.3814808915367036,-0.6598,-187.5
XRPUSDT,1.5,1.0,0.52,98,0.4082,0.2833457481246334,-1.0056,-94.26
XRPUSDT,1.5,1.0,0.56,30,0.3667,0.3526505107657717,-2.111,-27.51
XRPUSDT,2.0,1.0,0.36,962,0.3971,0.6156362539501689,-0.3327,-330.67
XRPUSDT,2.0,1.0,0.4,312,0.4295,0.4961152381603464,-0.5069,-157.78
XRPUSDT,2.0,1.0,0.44,108,0.4444,0.3536613125824105,-0.9255,-105.41
XRPUSDT,2.0,1.0,0.48,36,0.3889,0.46498949511102966,-1.2035,-18.75
XRPUSDT,2.0,1.0,0.52,6,0.3333,0.3292681894666917,-1.2807,-2.56
XRPUSDT,2.0,1.0,0.56,1,0.0,0.0,-3.1276,-0.66
XRPUSDT,2.0,1.5,0.36,1257,0.4455,0.6979532103913905,-0.3134,-377.5
XRPUSDT,2.0,1.5,0.4,1182,0.4433,0.6732139274259544,-0.3264,-387.99
XRPUSDT,2.0,1.5,0.44,779,0.4634,0.6367685396872547,-0.3466,-285.1
XRPUSDT,2.0,1.5,0.48,298,0.5369,0.6026870878382442,-0.3805,-136.72
XRPUSDT,2.0,1.5,0.52,113,0.5487,0.4598914858797747,-0.7623,-80.16
XRPUSDT,2.0,1.5,0.56,41,0.439,0.4260971349494873,-0.9866,-20.34
XRPUSDT,2.5,1.0,0.36,821,0.3678,0.661643387966476,-0.302,-270.21
XRPUSDT,2.5,1.0,0.4,275,0.3818,0.44293375288395237,-0.6872,-193.32
XRPUSDT,2.5,1.0,0.44,100,0.4,0.37436888071197894,-0.9435,-102.65
XRPUSDT,2.5,1.0,0.48,38,0.4211,0.47435821894883096,-1.202,-24.85
XRPUSDT,2.5,1.0,0.52,6,0.3333,0.47306326079606753,-1.1142,-2.01
XRPUSDT,2.5,1.0,0.56,1,0.0,0.0,-3.1276,-0.66
XRPUSDT,3.0,1.0,0.36,47,0.4255,0.3756108708200342,-1.2542,-48.56
XRPUSDT,3.0,1.0,0.4,14,0.3571,0.23526858007399465,-2.4082,-24.46
XRPUSDT,3.0,1.0,0.44,2,0.5,4.183219227266417,0.4715,1.18
XRPUSDT,3.0,1.0,0.48,0,0.0,,0.0,0.0
XRPUSDT,3.0,1.0,0.52,0,0.0,,0.0,0.0
XRPUSDT,3.0,1.5,0.36,260,0.5115,0.7800172915638518,-0.1724,-73.35
XRPUSDT,3.0,1.5,0.4,123,0.5041,0.616826025910123,-0.6971,-72.15
XRPUSDT,3.0,1.5,0.44,50,0.5,0.5488772370098804,-0.9016,-28.69
XRPUSDT,3.0,1.5,0.48,18,0.3889,0.3361017197450168,-1.364,-15.93
XRPUSDT,3.0,1.5,0.52,5,0.6,2.4093946269263657,0.4506,2.8
XRPUSDT,3.0,1.5,0.56,0,0.0,,0.0,0.0
XRPUSDT,4.0,1.5,0.36,41,0.439,0.4341314802701031,-0.9983,-42.45
XRPUSDT,4.0,1.5,0.4,17,0.2941,0.30290205673890114,-1.6129,-18.88
XRPUSDT,4.0,1.5,0.44,2,0.0,0.0,-21.4835,-25.78
XRPUSDT,4.0,1.5,0.48,0,0.0,,0.0,0.0
XRPUSDT,4.0,1.5,0.52,0,0.0,,0.0,0.0
ZECUSDT,1.5,1.0,0.36,2103,0.4056,0.7520735582972403,-0.1912,-778.3
ZECUSDT,1.5,1.0,0.4,1982,0.4087,0.7215797900220895,-0.2038,-835.78
ZECUSDT,1.5,1.0,0.44,784,0.4209,0.6651676573391595,-0.3096,-519.42
ZECUSDT,1.5,1.0,0.48,271,0.369,0.41918528807248334,-0.91,-528.38
ZECUSDT,1.5,1.0,0.52,95,0.3474,0.3589007666977503,-1.2935,-277.73
ZECUSDT,1.5,1.0,0.56,160,,,,
ZECUSDT,2.0,1.0,0.36,765,0.3882,0.6909698168336116,-0.2799,-477.81
ZECUSDT,2.0,1.0,0.4,256,0.3359,0.4702574683002246,-0.7569,-419.51
ZECUSDT,2.0,1.0,0.44,93,0.3441,0.428560365802792,-1.2166,-237.64
ZECUSDT,2.0,1.0,0.48,145,,,,
ZECUSDT,2.0,1.0,0.52,65,,,,
ZECUSDT,2.0,1.0,0.56,7,0.2857,0.09212716898544455,-4.6055,-174.05
ZECUSDT,2.0,1.5,0.36,1222,0.4501,0.8340994293888714,-0.1358,-374.18
ZECUSDT,2.0,1.5,0.4,1112,0.4487,0.8302497790635988,-0.149,-349.45
ZECUSDT,2.0,1.5,0.44,616,0.4562,0.7064475465879185,-0.2926,-410.57
ZECUSDT,2.0,1.5,0.48,231,0.4242,0.46201545957448853,-0.8824,-438.1
ZECUSDT,2.0,1.5,0.52,74,0.4189,0.4415198175198961,-1.6681,-226.83
ZECUSDT,2.0,1.5,0.56,26,0.2692,0.15896437770976907,-6.4358,-278.57
ZECUSDT,2.5,1.0,0.36,657,0.3668,0.7174963286525073,-0.2285,-405.83
ZECUSDT,2.5,1.0,0.4,244,0.3033,0.44341021846456935,-0.8028,-454.21
ZECUSDT,2.5,1.0,0.44,84,0.3929,0.6355919052354507,-0.8651,-122.69
ZECUSDT,2.5,1.0,0.48,145,,,,
ZECUSDT,2.5,1.0,0.52,65,,,,
ZECUSDT,2.5,1.0,0.56,6,0.1667,0.05792342238878767,-5.6139,-180.6
ZECUSDT,3.0,1.0,0.36,33,0.3636,0.19055685699938,-1.9884,-211.57
ZECUSDT,3.0,1.0,0.4,34,,,,
ZECUSDT,3.0,1.0,0.44,3,0.0,0.0,-4.2633,-44.98
ZECUSDT,3.0,1.0,0.48,7,,,,
ZECUSDT,3.0,1.0,0.52,1,0.0,0.0,-0.4718,-2.37
ZECUSDT,3.0,1.5,0.36,163,0.4847,0.7724661561396068,-0.2577,-114.04
ZECUSDT,3.0,1.5,0.4,65,0.4462,0.4135819098592198,-1.3437,-203.9
ZECUSDT,3.0,1.5,0.44,103,,,,
ZECUSDT,3.0,1.5,0.48,12,0.25,0.028074983773223205,-12.4739,-222.89
ZECUSDT,3.0,1.5,0.52,18,,,,
ZECUSDT,3.0,1.5,0.56,7,,,,
ZECUSDT,4.0,1.5,0.36,92,,,,
ZECUSDT,4.0,1.5,0.4,30,,,,
ZECUSDT,4.0,1.5,0.44,3,0.0,0.0,-4.3682,-45.46
ZECUSDT,4.0,1.5,0.48,6,,,,
ZECUSDT,4.0,1.5,0.52,1,1.0,,0.9642,5.19
