tp,sl,rr,floor,trades,win_rate,total_return_pct,expectancy_atr,profit_factor,pf_raw
0.5,0.5,1.0,0.35,1168,0.4666,-358.524,-0.4719,0.275,0.2750809147652262
0.5,0.5,1.0,0.4,1168,0.4666,-358.524,-0.4719,0.275,0.2750809147652262
0.5,0.5,1.0,0.45,1168,0.4666,-358.524,-0.4719,0.275,0.2750809147652262
0.5,0.5,1.0,0.5,1155,0.4693,-352.003,-0.4695,0.278,0.27764764825318244
0.5,0.5,1.0,0.55,225,0.52,-57.151,-0.333,0.338,0.33818474316202485
0.5,0.5,1.0,0.6,35,0.5429,-8.05,-0.2952,0.371,0.370756136166299
0.5,1.0,0.5,0.35,1948,0.6412,-562.743,-0.4148,0.356,0.3564820160020903
0.5,1.0,0.5,0.4,1948,0.6412,-562.743,-0.4148,0.356,0.3564820160020903
0.5,1.0,0.5,0.45,1948,0.6412,-562.743,-0.4148,0.356,0.3564820160020903
0.5,1.0,0.5,0.5,1948,0.6412,-562.743,-0.4148,0.356,0.3564820160020903
0.5,1.0,0.5,0.55,1948,0.6412,-562.743,-0.4148,0.356,0.3564820160020903
0.5,1.0,0.5,0.6,1948,0.6412,-562.743,-0.4148,0.356,0.3564820160020903
1.0,0.5,2.0,0.35,802,0.3242,-236.238,-0.4373,0.447,0.44738580317591986
1.0,0.5,2.0,0.4,159,0.3208,-47.719,-0.4054,0.439,0.4392203449245836
1.0,0.5,2.0,0.45,25,0.4,-4.504,-0.0475,0.624,0.6244744072058757
1.0,0.5,2.0,0.5,4,0.0,-3.198,-0.9121,,0.0
1.0,0.5,2.0,0.55,0,0.0,0.0,0.0,,
1.0,0.5,2.0,0.6,0,0.0,0.0,0.0,,
1.0,1.0,1.0,0.35,1378,0.4768,-403.004,-0.4268,0.544,0.5437281211701768
1.0,1.0,1.0,0.4,1378,0.4768,-403.004,-0.4268,0.544,0.5437281211701768
1.0,1.0,1.0,0.45,1378,0.4768,-403.004,-0.4268,0.544,0.5437281211701768
1.0,1.0,1.0,0.5,1324,0.4804,-379.949,-0.4167,0.55,0.5502570175360113
1.0,1.0,1.0,0.55,381,0.4987,-93.148,-0.334,0.6,0.5995442265429535
1.0,1.0,1.0,0.6,94,0.5213,-16.155,-0.2073,0.694,0.6944114480629923
1.0,1.5,0.67,0.35,1228,0.548,-371.528,-0.462,0.568,0.5683205561127408
1.0,1.5,0.67,0.4,1228,0.548,-371.528,-0.462,0.568,0.5683205561127408
1.0,1.5,0.67,0.45,1228,0.548,-371.528,-0.4619,0.568,0.5683205561127408
1.0,1.5,0.67,0.5,1227,0.5477,-371.549,-0.4638,0.568,0.568098520998124
1.0,1.5,0.67,0.55,1222,0.5516,-364.49,-0.4535,0.573,0.5733674040490568
1.0,1.5,0.67,0.6,1086,0.5645,-291.228,-0.3966,0.606,0.6061460944222228
1.0,2.0,0.5,0.35,951,0.5973,-249.269,-0.3946,0.624,0.6236126955524219
1.0,2.0,0.5,0.4,951,0.5973,-249.269,-0.3946,0.624,0.6236126955524219
1.0,2.0,0.5,0.45,951,0.5973,-249.269,-0.3946,0.624,0.6236126955524219
1.0,2.0,0.5,0.5,951,0.5973,-249.269,-0.3945,0.624,0.6236126955524219
1.0,2.0,0.5,0.55,951,0.5973,-249.646,-0.3971,0.624,0.623675781033323
1.0,2.0,0.5,0.6,944,0.5964,-257.123,-0.4071,0.615,0.6148282624090786
1.5,0.5,3.0,0.35,34,0.2941,-6.088,-0.0852,0.672,0.6722239894958991
1.5,0.5,3.0,0.4,4,0.0,-3.198,-0.9121,,0.0
1.5,0.5,3.0,0.45,1,0.0,-0.799,-1.0561,,0.0
1.5,0.5,3.0,0.5,0,0.0,0.0,0.0,,
1.5,0.5,3.0,0.55,0,0.0,0.0,0.0,,
1.5,0.5,3.0,0.6,0,0.0,0.0,0.0,,
1.5,1.0,1.5,0.35,997,0.3821,-305.116,-0.4911,0.588,0.587682048595772
1.5,1.0,1.5,0.4,871,0.3823,-266.527,-0.4698,0.59,0.5896955258700469
1.5,1.0,1.5,0.45,241,0.3983,-64.593,-0.3785,0.629,0.6290236122464485
1.5,1.0,1.5,0.5,51,0.4314,-8.769,-0.2591,0.743,0.743065050890742
1.5,1.0,1.5,0.55,8,0.625,1.601,0.3208,1.411,1.4106791966468903
1.5,1.0,1.5,0.6,2,1.0,2.497,1.4231,,
1.5,1.5,1.0,0.35,909,0.4609,-265.793,-0.4616,0.639,0.6391361512179221
1.5,1.5,1.0,0.4,902,0.4601,-271.328,-0.4742,0.632,0.6317077401704725
1.5,1.5,1.0,0.45,883,0.4621,-256.278,-0.4595,0.642,0.6420832083933847
1.5,1.5,1.0,0.5,707,0.454,-221.257,-0.4744,0.621,0.6213623055470918
1.5,1.5,1.0,0.55,212,0.4906,-45.813,-0.2836,0.719,0.7186623223172834
1.5,1.5,1.0,0.6,47,0.4894,-9.253,-0.3386,0.746,0.7458953681515579
1.5,2.0,0.75,0.35,822,0.4903,-257.106,-0.4562,0.636,0.636352898107502
1.5,2.0,0.75,0.4,813,0.4895,-254.826,-0.4603,0.635,0.6353002015106484
1.5,2.0,0.75,0.45,797,0.4881,-247.744,-0.4508,0.637,0.6372656325478472
1.5,2.0,0.75,0.5,776,0.4884,-238.267,-0.4465,0.638,0.6375747978766243
1.5,2.0,0.75,0.55,667,0.4948,-212.247,-0.4924,0.634,0.6336064560616302
1.5,2.0,0.75,0.6,283,0.4947,-97.432,-0.5371,0.618,0.6184698478204892
2.0,0.5,4.0,0.35,4,0.0,-3.199,-0.8924,,0.0
2.0,0.5,4.0,0.4,0,0.0,0.0,0.0,,
2.0,0.5,4.0,0.45,0,0.0,0.0,0.0,,
2.0,0.5,4.0,0.5,0,0.0,0.0,0.0,,
2.0,0.5,4.0,0.55,0,0.0,0.0,0.0,,
2.0,0.5,4.0,0.6,0,0.0,0.0,0.0,,
2.0,1.0,2.0,0.35,570,0.3351,-181.196,-0.4733,0.595,0.5954662522532344
2.0,1.0,2.0,0.4,148,0.3243,-47.145,-0.4574,0.593,0.5931302738689175
2.0,1.0,2.0,0.45,35,0.4,-3.162,0.0184,0.88,0.8801776840750241
2.0,1.0,2.0,0.5,6,0.1667,-4.748,-0.9998,0.269,0.26896791749242205
2.0,1.0,2.0,0.55,1,0.0,-1.298,-1.7158,,0.0
2.0,1.0,2.0,0.6,0,0.0,0.0,0.0,,
2.0,1.5,1.33,0.35,689,0.4107,-207.454,-0.4376,0.646,0.6461382598781864
2.0,1.5,1.33,0.4,639,0.4006,-218.68,-0.5213,0.615,0.6151106684357026
2.0,1.5,1.33,0.45,282,0.4433,-68.988,-0.4602,0.711,0.7111862167680709
2.0,1.5,1.33,0.5,80,0.425,-16.069,-0.5576,0.758,0.7580291707771583
2.0,1.5,1.33,0.55,12,0.4167,-3.825,-0.5206,0.679,0.6786274261105356
2.0,1.5,1.33,0.6,1,0.0,-1.107,-1.4641,,0.0
2.0,2.0,1.0,0.35,647,0.4235,-229.845,-0.5404,0.616,0.6161770555827066
2.0,2.0,1.0,0.4,609,0.4401,-214.223,-0.5497,0.619,0.6187737815731799
2.0,2.0,1.0,0.45,549,0.4335,-195.972,-0.5093,0.619,0.6190311658549456
2.0,2.0,1.0,0.5,314,0.4268,-142.537,-0.8159,0.548,0.5481879233680886
2.0,2.0,1.0,0.55,96,0.4792,-17.891,-0.3049,0.785,0.7849509572804584
2.0,2.0,1.0,0.6,15,0.6,7.556,0.5916,2.006,2.006405006279297
3.0,1.0,3.0,0.35,13,0.3846,-1.561,-0.0244,0.85,0.8497272434127002
3.0,1.0,3.0,0.4,1,0.0,-1.298,-1.7158,,0.0
3.0,1.0,3.0,0.45,0,0.0,0.0,0.0,,
3.0,1.0,3.0,0.5,0,0.0,0.0,0.0,,
3.0,1.0,3.0,0.55,0,0.0,0.0,0.0,,
3.0,1.0,3.0,0.6,0,0.0,0.0,0.0,,
3.0,1.5,2.0,0.35,185,0.3676,-59.203,-0.7326,0.652,0.6518283052245091
3.0,1.5,2.0,0.4,56,0.4286,-16.645,-0.7963,0.671,0.6714415013284046
3.0,1.5,2.0,0.45,6,0.3333,-2.614,-1.2842,0.598,0.5977179891153434
3.0,1.5,2.0,0.5,1,0.0,-1.107,-1.4641,,0.0
3.0,1.5,2.0,0.55,0,0.0,0.0,0.0,,
3.0,1.5,2.0,0.6,0,0.0,0.0,0.0,,
3.0,2.0,1.5,0.35,288,0.375,-115.049,-0.8774,0.61,0.6101319002549888
3.0,2.0,1.5,0.4,137,0.4088,-48.972,-0.9097,0.631,0.6310794813703096
3.0,2.0,1.5,0.45,51,0.451,-14.27,-0.6562,0.714,0.7141207721566459
3.0,2.0,1.5,0.5,6,0.3333,-3.067,-1.4688,0.559,0.5587970912954967
3.0,2.0,1.5,0.55,0,0.0,0.0,0.0,,
3.0,2.0,1.5,0.6,0,0.0,0.0,0.0,,
4.0,1.0,4.0,0.35,11,0.3636,-2.281,-0.0223,0.749,0.7491384255907096
4.0,1.0,4.0,0.4,1,0.0,-1.298,-1.7158,,0.0
4.0,1.0,4.0,0.45,0,0.0,0.0,0.0,,
4.0,1.0,4.0,0.5,0,0.0,0.0,0.0,,
4.0,1.0,4.0,0.55,0,0.0,0.0,0.0,,
4.0,1.0,4.0,0.6,0,0.0,0.0,0.0,,
4.0,1.5,2.67,0.35,11,0.5455,0.643,-0.1753,1.077,1.0774477637742752
4.0,1.5,2.67,0.4,1,0.0,-1.107,-1.4641,,0.0
4.0,1.5,2.67,0.45,0,0.0,0.0,0.0,,
4.0,1.5,2.67,0.5,0,0.0,0.0,0.0,,
4.0,1.5,2.67,0.55,0,0.0,0.0,0.0,,
4.0,1.5,2.67,0.6,0,0.0,0.0,0.0,,
4.0,2.0,2.0,0.35,211,0.3839,-86.069,-0.9009,0.589,0.5891781323963228
4.0,2.0,2.0,0.4,82,0.4634,-13.258,-0.4252,0.798,0.7976530869832459
4.0,2.0,2.0,0.45,14,0.5,1.413,0.1378,1.141,1.1412836719452808
4.0,2.0,2.0,0.5,1,0.0,-1.107,-1.4641,,0.0
4.0,2.0,2.0,0.55,0,0.0,0.0,0.0,,
4.0,2.0,2.0,0.6,0,0.0,0.0,0.0,,
